[browser] Uncaught Error: Hydration failed because the server rendered HTML didn't match the client. As a result this tree will be regenerated on the client. This can happen if a SSR-ed Client Component used:

- A server/client branch `if (typeof window !== 'undefined')`.
- Variable input such as `Date.now()` or `Math.random()` which changes each time it's called.
- Date formatting in a user's locale which doesn't match the server.
- External changing data without sending a snapshot of it along with the HTML.
- Invalid HTML tag nesting.

It can also happen if the client has a browser extension installed which messes with the HTML before React loaded.

https://react.dev/link/hydration-mismatch

  ...
    <Navbar>
      <motion.header initial={{y:-80,opacity:0}} animate={{y:0,opacity:1}} transition={{duration:0.6, ...}} ...>
        <header className="fixed top-..." style={{opacity:0, ...}} ref={function useMotionRef.useCallback}>
          <nav className="mx-auto fl...">
            <LinkComponent>
            <div>
            <div className="flex items...">
              <DarkModeToggle>
                <motion.button onClick={function toggle} whileTap={{scale:0.85}} whileHover={{scale:1.1}} ...>
                  <button onClick={function toggle} className="flex h-10 ..." aria-label="Toggle dar..." tabIndex={0} ...>
                    <motion.span initial={{rotate:-90, ...}} animate={{rotate:0,opacity:1}}>
                      <span style={{opacity:0, ...}} ref={function useMotionRef.useCallback}>
                        <Sun size={20}>
                          <svg
                            ref={null}
                            xmlns="http://www.w3.org/2000/svg"
                            width={20}
                            height={20}
                            viewBox="0 0 24 24"
                            fill="none"
                            stroke="currentColor"
                            strokeWidth={2}
                            strokeLinecap="round"
                            strokeLinejoin="round"
+                           className="lucide lucide-sun"
-                           className="lucide lucide-moon"
                            aria-hidden="true"
                          >
+                           <circle cx="12" cy="12" r="4">
-                           <path
-                             d="M20.985 12.486a9 9 0 1 1-9.473-9.472c.405-.022.617.46.402.803a6 6 0 0 0 8.268 8.268c...."
-                           >
                            ...
              ...

    at <unknown> (https://react.dev/link/hydration-mismatch)
    at circle (<anonymous>)
    at Array.map (<anonymous>)
    at DarkModeToggle (src/components/DarkModeToggle.tsx:39:17)
    at Navbar (src/components/Navbar.tsx:49:11)
    at HomeContent (src/components/HomeContent.tsx:44:7)
    at Home (src\app\page.tsx:4:10)
  37 |         animate={{ rotate: 0, opacity: 1 }}
  38 |       >
> 39 |         {dark ? <Sun size={20} /> : <Moon size={20} />}
     |                 ^
  40 |       </motion.span>
  41 |     </motion.button>
  42 |   );
[browser] THREE.Clock: This module has been deprecated. Please use THREE.Timer instead.
[browser] The final argument passed to useEffect changed size between renders. The order and size of this array must remain constant.

Previous: [[object Object], [object Object]]
Incoming: [[object Object], [object Object], false] 
    at CustomCursor (src/components/CustomCursor.tsx:22:12)
    at Set.forEach (<anonymous>)
  20 |   const dotY = useSpring(y, { stiffness: 1200, damping: 50, mass: 0.1 });
  21 |
> 22 |   useEffect(() => {
     |            ^
  23 |     if (isTouch) return;
  24 |
  25 |     const move = (e: PointerEvent) => { (src/components/CustomCursor.tsx:22:12)
[browser] THREE.Clock: This module has been deprecated. Please use THREE.Timer instead.
[browser] THREE.Clock: This module has been deprecated. Please use THREE.Timer instead.
[browser] THREE.Clock: This module has been deprecated. Please use THREE.Timer instead.
[browser] THREE.Clock: This module has been deprecated. Please use THREE.Timer instead.
[browser] THREE.Clock: This module has been deprecated. Please use THREE.Timer instead.
[browser] THREE.Clock: This module has been deprecated. Please use THREE.Timer instead.
[browser] THREE.Clock: This module has been deprecated. Please use THREE.Timer instead.
[browser] THREE.Clock: This module has been deprecated. Please use THREE.Timer instead.
[browser] THREE.Clock: This module has been deprecated. Please use THREE.Timer instead.
[browser] THREE.Clock: This module has been deprecated. Please use THREE.Timer instead.
[browser] THREE.Clock: This module has been deprecated. Please use THREE.Timer instead.
[browser] THREE.Clock: This module has been deprecated. Please use THREE.Timer instead.
[browser] THREE.Clock: This module has been deprecated. Please use THREE.Timer instead.
[browser] THREE.Clock: This module has been deprecated. Please use THREE.Timer instead.
⨯ ./node_modules/better-sqlite3/lib/binding.js:2:12
Error: Module not found: Can't resolve 'fs'
  [90m1 |[0m [32m'use strict'[0m;
[31m[1m>[0m [90m2 |[0m [36mconst[0m fs = require([32m'fs'[0m);
  [90m  |[0m            [31m[1m^^^^^^^^^^^^^[0m
  [90m3 |[0m [36mconst[0m path = require([32m'path'[0m);
  [90m4 |[0m
  [90m5 |[0m [36mconst[0m [33mPREBUILD_PLATFORMS[0m = [[32m'linux'[0m, [32m'darwin'[0m, [32m'win32'[0m];



Import trace:
  Client Component Browser:
    ./node_modules/better-sqlite3/lib/binding.js [Client Component Browser]
    ./node_modules/better-sqlite3/lib/index.js [Client Component Browser]
    ./src/lib/db.ts [Client Component Browser]
    ./src/lib/properties.ts [Client Component Browser]
    ./src/components/HomeContent.tsx [Client Component Browser]
    ./src/components/HomeContent.tsx [Server Component]
    ./src/app/page.tsx [Server Component]

https://nextjs.org/docs/messages/module-not-found


⨯ ./node_modules/better-sqlite3/lib/database.js:2:12
Error: Module not found: Can't resolve 'fs'
  [90m1 |[0m [32m'use strict'[0m;
[31m[1m>[0m [90m2 |[0m [36mconst[0m fs = require([32m'fs'[0m);
  [90m  |[0m            [31m[1m^^^^^^^^^^^^^[0m
  [90m3 |[0m [36mconst[0m path = require([32m'path'[0m);
  [90m4 |[0m [36mconst[0m util = require([32m'./util'[0m);
  [90m5 |[0m [36mconst[0m [33mSqliteError[0m = require([32m'./sqlite-error'[0m);



Import trace:
  Client Component Browser:
    ./node_modules/better-sqlite3/lib/database.js [Client Component Browser]
    ./node_modules/better-sqlite3/lib/index.js [Client Component Browser]
    ./src/lib/db.ts [Client Component Browser]
    ./src/lib/properties.ts [Client Component Browser]
    ./src/components/HomeContent.tsx [Client Component Browser]
    ./src/components/HomeContent.tsx [Server Component]
    ./src/app/page.tsx [Server Component]

https://nextjs.org/docs/messages/module-not-found


⨯ ./node_modules/better-sqlite3/lib/methods/backup.js:2:12
Error: Module not found: Can't resolve 'fs'
  [90m1 |[0m [32m'use strict'[0m;
[31m[1m>[0m [90m2 |[0m [36mconst[0m fs = require([32m'fs'[0m);
  [90m  |[0m            [31m[1m^^^^^^^^^^^^^[0m
  [90m3 |[0m [36mconst[0m path = require([32m'path'[0m);
  [90m4 |[0m [36mconst[0m { promisify } = require([32m'util'[0m);
  [90m5 |[0m [36mconst[0m { cppdb } = require([32m'../util'[0m);



Import trace:
  Client Component Browser:
    ./node_modules/better-sqlite3/lib/methods/backup.js [Client Component Browser]
    ./node_modules/better-sqlite3/lib/database.js [Client Component Browser]
    ./node_modules/better-sqlite3/lib/index.js [Client Component Browser]
    ./src/lib/db.ts [Client Component Browser]
    ./src/lib/properties.ts [Client Component Browser]
    ./src/components/HomeContent.tsx [Client Component Browser]
    ./src/components/HomeContent.tsx [Server Component]
    ./src/app/page.tsx [Server Component]

https://nextjs.org/docs/messages/module-not-found


⨯ ./node_modules/better-sqlite3/lib/binding.js:30:26
Error: Module not found: Can't resolve (<dynamic> | 'null')
  [90m28 |[0m 	[36mlet[0m filename = getPrebuildPath();
  [90m29 |[0m 	[36mif[0m (filename) {
[31m[1m>[0m [90m30 |[0m 		[36mreturn[0m [33mDEFAULT_ADDON[0m = require(filename);
  [90m   |[0m                        [31m[1m^^^^^^^^^^^^^^^^^[0m
  [90m31 |[0m 	}
  [90m32 |[0m
  [90m33 |[0m 	[90m// If no prebuilt binary was found, try the default node-gyp locations.[0m



Import trace:
  Client Component Browser:
    ./node_modules/better-sqlite3/lib/binding.js [Client Component Browser]
    ./node_modules/better-sqlite3/lib/index.js [Client Component Browser]
    ./src/lib/db.ts [Client Component Browser]
    ./src/lib/properties.ts [Client Component Browser]
    ./src/components/HomeContent.tsx [Client Component Browser]
    ./src/components/HomeContent.tsx [Server Component]
    ./src/app/page.tsx [Server Component]

https://nextjs.org/docs/messages/module-not-found


⨯ ./node_modules/better-sqlite3/lib/binding.js:38:25
Error: Module not found: Can't resolve (<dynamic> | 'null')
  [90m36 |[0m 		filename = path.join(__dirname, [32m'..'[0m, [32m'build'[0m, [32m'Release'[0m, [32m'better_sqlite3.node'[0m);
  [90m37 |[0m 	}
[31m[1m>[0m [90m38 |[0m 	[36mreturn[0m [33mDEFAULT_ADDON[0m = require(filename);
  [90m   |[0m                        [31m[1m^^^^^^^^^^^^^^^^^[0m
  [90m39 |[0m }
  [90m40 |[0m
  [90m41 |[0m [36mfunction[0m getPrebuildPath() {



Import trace:
  Client Component Browser:
    ./node_modules/better-sqlite3/lib/binding.js [Client Component Browser]
    ./node_modules/better-sqlite3/lib/index.js [Client Component Browser]
    ./src/lib/db.ts [Client Component Browser]
    ./src/lib/properties.ts [Client Component Browser]
    ./src/components/HomeContent.tsx [Client Component Browser]
    ./src/components/HomeContent.tsx [Server Component]
    ./src/app/page.tsx [Server Component]

https://nextjs.org/docs/messages/module-not-found


⨯ ./node_modules/better-sqlite3/lib/binding.js:2:12
Error: Module not found: Can't resolve 'fs'
  [90m1 |[0m [32m'use strict'[0m;
[31m[1m>[0m [90m2 |[0m [36mconst[0m fs = require([32m'fs'[0m);
  [90m  |[0m            [31m[1m^^^^^^^^^^^^^[0m
  [90m3 |[0m [36mconst[0m path = require([32m'path'[0m);
  [90m4 |[0m
  [90m5 |[0m [36mconst[0m [33mPREBUILD_PLATFORMS[0m = [[32m'linux'[0m, [32m'darwin'[0m, [32m'win32'[0m];



Import trace:
  Client Component Browser:
    ./node_modules/better-sqlite3/lib/binding.js [Client Component Browser]
    ./node_modules/better-sqlite3/lib/index.js [Client Component Browser]
    ./src/lib/db.ts [Client Component Browser]
    ./src/lib/properties.ts [Client Component Browser]
    ./src/components/HomeContent.tsx [Client Component Browser]
    ./src/components/HomeContent.tsx [Server Component]
    ./src/app/page.tsx [Server Component]

https://nextjs.org/docs/messages/module-not-found


⨯ ./node_modules/better-sqlite3/lib/database.js:2:12
Error: Module not found: Can't resolve 'fs'
  [90m1 |[0m [32m'use strict'[0m;
[31m[1m>[0m [90m2 |[0m [36mconst[0m fs = require([32m'fs'[0m);
  [90m  |[0m            [31m[1m^^^^^^^^^^^^^[0m
  [90m3 |[0m [36mconst[0m path = require([32m'path'[0m);
  [90m4 |[0m [36mconst[0m util = require([32m'./util'[0m);
  [90m5 |[0m [36mconst[0m [33mSqliteError[0m = require([32m'./sqlite-error'[0m);



Import trace:
  Client Component Browser:
    ./node_modules/better-sqlite3/lib/database.js [Client Component Browser]
    ./node_modules/better-sqlite3/lib/index.js [Client Component Browser]
    ./src/lib/db.ts [Client Component Browser]
    ./src/lib/properties.ts [Client Component Browser]
    ./src/components/HomeContent.tsx [Client Component Browser]
    ./src/components/HomeContent.tsx [Server Component]
    ./src/app/page.tsx [Server Component]

https://nextjs.org/docs/messages/module-not-found


⨯ ./node_modules/better-sqlite3/lib/methods/backup.js:2:12
Error: Module not found: Can't resolve 'fs'
  [90m1 |[0m [32m'use strict'[0m;
[31m[1m>[0m [90m2 |[0m [36mconst[0m fs = require([32m'fs'[0m);
  [90m  |[0m            [31m[1m^^^^^^^^^^^^^[0m
  [90m3 |[0m [36mconst[0m path = require([32m'path'[0m);
  [90m4 |[0m [36mconst[0m { promisify } = require([32m'util'[0m);
  [90m5 |[0m [36mconst[0m { cppdb } = require([32m'../util'[0m);



Import trace:
  Client Component Browser:
    ./node_modules/better-sqlite3/lib/methods/backup.js [Client Component Browser]
    ./node_modules/better-sqlite3/lib/database.js [Client Component Browser]
    ./node_modules/better-sqlite3/lib/index.js [Client Component Browser]
    ./src/lib/db.ts [Client Component Browser]
    ./src/lib/properties.ts [Client Component Browser]
    ./src/components/HomeContent.tsx [Client Component Browser]
    ./src/components/HomeContent.tsx [Server Component]
    ./src/app/page.tsx [Server Component]

https://nextjs.org/docs/messages/module-not-found


⨯ ./node_modules/better-sqlite3/lib/binding.js:30:26
Error: Module not found: Can't resolve (<dynamic> | 'null')
  [90m28 |[0m 	[36mlet[0m filename = getPrebuildPath();
  [90m29 |[0m 	[36mif[0m (filename) {
[31m[1m>[0m [90m30 |[0m 		[36mreturn[0m [33mDEFAULT_ADDON[0m = require(filename);
  [90m   |[0m                        [31m[1m^^^^^^^^^^^^^^^^^[0m
  [90m31 |[0m 	}
  [90m32 |[0m
  [90m33 |[0m 	[90m// If no prebuilt binary was found, try the default node-gyp locations.[0m



Import trace:
  Client Component Browser:
    ./node_modules/better-sqlite3/lib/binding.js [Client Component Browser]
    ./node_modules/better-sqlite3/lib/index.js [Client Component Browser]
    ./src/lib/db.ts [Client Component Browser]
    ./src/lib/properties.ts [Client Component Browser]
    ./src/components/HomeContent.tsx [Client Component Browser]
    ./src/components/HomeContent.tsx [Server Component]
    ./src/app/page.tsx [Server Component]

https://nextjs.org/docs/messages/module-not-found


⨯ ./node_modules/better-sqlite3/lib/binding.js:38:25
Error: Module not found: Can't resolve (<dynamic> | 'null')
  [90m36 |[0m 		filename = path.join(__dirname, [32m'..'[0m, [32m'build'[0m, [32m'Release'[0m, [32m'better_sqlite3.node'[0m);
  [90m37 |[0m 	}
[31m[1m>[0m [90m38 |[0m 	[36mreturn[0m [33mDEFAULT_ADDON[0m = require(filename);
  [90m   |[0m                        [31m[1m^^^^^^^^^^^^^^^^^[0m
  [90m39 |[0m }
  [90m40 |[0m
  [90m41 |[0m [36mfunction[0m getPrebuildPath() {



Import trace:
  Client Component Browser:
    ./node_modules/better-sqlite3/lib/binding.js [Client Component Browser]
    ./node_modules/better-sqlite3/lib/index.js [Client Component Browser]
    ./src/lib/db.ts [Client Component Browser]
    ./src/lib/properties.ts [Client Component Browser]
    ./src/components/HomeContent.tsx [Client Component Browser]
    ./src/components/HomeContent.tsx [Server Component]
    ./src/app/page.tsx [Server Component]

https://nextjs.org/docs/messages/module-not-found


⨯ ./node_modules/better-sqlite3/lib/binding.js:2:12
Error: Module not found: Can't resolve 'fs'
  [90m1 |[0m [32m'use strict'[0m;
[31m[1m>[0m [90m2 |[0m [36mconst[0m fs = require([32m'fs'[0m);
  [90m  |[0m            [31m[1m^^^^^^^^^^^^^[0m
  [90m3 |[0m [36mconst[0m path = require([32m'path'[0m);
  [90m4 |[0m
  [90m5 |[0m [36mconst[0m [33mPREBUILD_PLATFORMS[0m = [[32m'linux'[0m, [32m'darwin'[0m, [32m'win32'[0m];



Import trace:
  Client Component Browser:
    ./node_modules/better-sqlite3/lib/binding.js [Client Component Browser]
    ./node_modules/better-sqlite3/lib/index.js [Client Component Browser]
    ./src/lib/db.ts [Client Component Browser]
    ./src/lib/properties.ts [Client Component Browser]
    ./src/components/HomeContent.tsx [Client Component Browser]
    ./src/components/HomeContent.tsx [Server Component]
    ./src/app/page.tsx [Server Component]

https://nextjs.org/docs/messages/module-not-found


⨯ ./node_modules/better-sqlite3/lib/database.js:2:12
Error: Module not found: Can't resolve 'fs'
  [90m1 |[0m [32m'use strict'[0m;
[31m[1m>[0m [90m2 |[0m [36mconst[0m fs = require([32m'fs'[0m);
  [90m  |[0m            [31m[1m^^^^^^^^^^^^^[0m
  [90m3 |[0m [36mconst[0m path = require([32m'path'[0m);
  [90m4 |[0m [36mconst[0m util = require([32m'./util'[0m);
  [90m5 |[0m [36mconst[0m [33mSqliteError[0m = require([32m'./sqlite-error'[0m);



Import trace:
  Client Component Browser:
    ./node_modules/better-sqlite3/lib/database.js [Client Component Browser]
    ./node_modules/better-sqlite3/lib/index.js [Client Component Browser]
    ./src/lib/db.ts [Client Component Browser]
    ./src/lib/properties.ts [Client Component Browser]
    ./src/components/HomeContent.tsx [Client Component Browser]
    ./src/components/HomeContent.tsx [Server Component]
    ./src/app/page.tsx [Server Component]

https://nextjs.org/docs/messages/module-not-found


⨯ ./node_modules/better-sqlite3/lib/methods/backup.js:2:12
Error: Module not found: Can't resolve 'fs'
  [90m1 |[0m [32m'use strict'[0m;
[31m[1m>[0m [90m2 |[0m [36mconst[0m fs = require([32m'fs'[0m);
  [90m  |[0m            [31m[1m^^^^^^^^^^^^^[0m
  [90m3 |[0m [36mconst[0m path = require([32m'path'[0m);
  [90m4 |[0m [36mconst[0m { promisify } = require([32m'util'[0m);
  [90m5 |[0m [36mconst[0m { cppdb } = require([32m'../util'[0m);



Import trace:
  Client Component Browser:
    ./node_modules/better-sqlite3/lib/methods/backup.js [Client Component Browser]
    ./node_modules/better-sqlite3/lib/database.js [Client Component Browser]
    ./node_modules/better-sqlite3/lib/index.js [Client Component Browser]
    ./src/lib/db.ts [Client Component Browser]
    ./src/lib/properties.ts [Client Component Browser]
    ./src/components/HomeContent.tsx [Client Component Browser]
    ./src/components/HomeContent.tsx [Server Component]
    ./src/app/page.tsx [Server Component]

https://nextjs.org/docs/messages/module-not-found


⨯ ./node_modules/better-sqlite3/lib/binding.js:30:26
Error: Module not found: Can't resolve (<dynamic> | 'null')
  [90m28 |[0m 	[36mlet[0m filename = getPrebuildPath();
  [90m29 |[0m 	[36mif[0m (filename) {
[31m[1m>[0m [90m30 |[0m 		[36mreturn[0m [33mDEFAULT_ADDON[0m = require(filename);
  [90m   |[0m                        [31m[1m^^^^^^^^^^^^^^^^^[0m
  [90m31 |[0m 	}
  [90m32 |[0m
  [90m33 |[0m 	[90m// If no prebuilt binary was found, try the default node-gyp locations.[0m



Import trace:
  Client Component Browser:
    ./node_modules/better-sqlite3/lib/binding.js [Client Component Browser]
    ./node_modules/better-sqlite3/lib/index.js [Client Component Browser]
    ./src/lib/db.ts [Client Component Browser]
    ./src/lib/properties.ts [Client Component Browser]
    ./src/components/HomeContent.tsx [Client Component Browser]
    ./src/components/HomeContent.tsx [Server Component]
    ./src/app/page.tsx [Server Component]

https://nextjs.org/docs/messages/module-not-found


⨯ ./node_modules/better-sqlite3/lib/binding.js:38:25
Error: Module not found: Can't resolve (<dynamic> | 'null')
  [90m36 |[0m 		filename = path.join(__dirname, [32m'..'[0m, [32m'build'[0m, [32m'Release'[0m, [32m'better_sqlite3.node'[0m);
  [90m37 |[0m 	}
[31m[1m>[0m [90m38 |[0m 	[36mreturn[0m [33mDEFAULT_ADDON[0m = require(filename);
  [90m   |[0m                        [31m[1m^^^^^^^^^^^^^^^^^[0m
  [90m39 |[0m }
  [90m40 |[0m
  [90m41 |[0m [36mfunction[0m getPrebuildPath() {



Import trace:
  Client Component Browser:
    ./node_modules/better-sqlite3/lib/binding.js [Client Component Browser]
    ./node_modules/better-sqlite3/lib/index.js [Client Component Browser]
    ./src/lib/db.ts [Client Component Browser]
    ./src/lib/properties.ts [Client Component Browser]
    ./src/components/HomeContent.tsx [Client Component Browser]
    ./src/components/HomeContent.tsx [Server Component]
    ./src/app/page.tsx [Server Component]

https://nextjs.org/docs/messages/module-not-found


⨯ ./node_modules/better-sqlite3/lib/binding.js:2:12
Error: Module not found: Can't resolve 'fs'
  [90m1 |[0m [32m'use strict'[0m;
[31m[1m>[0m [90m2 |[0m [36mconst[0m fs = require([32m'fs'[0m);
  [90m  |[0m            [31m[1m^^^^^^^^^^^^^[0m
  [90m3 |[0m [36mconst[0m path = require([32m'path'[0m);
  [90m4 |[0m
  [90m5 |[0m [36mconst[0m [33mPREBUILD_PLATFORMS[0m = [[32m'linux'[0m, [32m'darwin'[0m, [32m'win32'[0m];



Import trace:
  Client Component Browser:
    ./node_modules/better-sqlite3/lib/binding.js [Client Component Browser]
    ./node_modules/better-sqlite3/lib/index.js [Client Component Browser]
    ./src/lib/db.ts [Client Component Browser]
    ./src/lib/properties.ts [Client Component Browser]
    ./src/components/HomeContent.tsx [Client Component Browser]
    ./src/components/HomeContent.tsx [Server Component]
    ./src/app/page.tsx [Server Component]

https://nextjs.org/docs/messages/module-not-found


⨯ ./node_modules/better-sqlite3/lib/database.js:2:12
Error: Module not found: Can't resolve 'fs'
  [90m1 |[0m [32m'use strict'[0m;
[31m[1m>[0m [90m2 |[0m [36mconst[0m fs = require([32m'fs'[0m);
  [90m  |[0m            [31m[1m^^^^^^^^^^^^^[0m
  [90m3 |[0m [36mconst[0m path = require([32m'path'[0m);
  [90m4 |[0m [36mconst[0m util = require([32m'./util'[0m);
  [90m5 |[0m [36mconst[0m [33mSqliteError[0m = require([32m'./sqlite-error'[0m);



Import trace:
  Client Component Browser:
    ./node_modules/better-sqlite3/lib/database.js [Client Component Browser]
    ./node_modules/better-sqlite3/lib/index.js [Client Component Browser]
    ./src/lib/db.ts [Client Component Browser]
    ./src/lib/properties.ts [Client Component Browser]
    ./src/components/HomeContent.tsx [Client Component Browser]
    ./src/components/HomeContent.tsx [Server Component]
    ./src/app/page.tsx [Server Component]

https://nextjs.org/docs/messages/module-not-found


⨯ ./node_modules/better-sqlite3/lib/methods/backup.js:2:12
Error: Module not found: Can't resolve 'fs'
  [90m1 |[0m [32m'use strict'[0m;
[31m[1m>[0m [90m2 |[0m [36mconst[0m fs = require([32m'fs'[0m);
  [90m  |[0m            [31m[1m^^^^^^^^^^^^^[0m
  [90m3 |[0m [36mconst[0m path = require([32m'path'[0m);
  [90m4 |[0m [36mconst[0m { promisify } = require([32m'util'[0m);
  [90m5 |[0m [36mconst[0m { cppdb } = require([32m'../util'[0m);



Import trace:
  Client Component Browser:
    ./node_modules/better-sqlite3/lib/methods/backup.js [Client Component Browser]
    ./node_modules/better-sqlite3/lib/database.js [Client Component Browser]
    ./node_modules/better-sqlite3/lib/index.js [Client Component Browser]
    ./src/lib/db.ts [Client Component Browser]
    ./src/lib/properties.ts [Client Component Browser]
    ./src/components/HomeContent.tsx [Client Component Browser]
    ./src/components/HomeContent.tsx [Server Component]
    ./src/app/page.tsx [Server Component]

https://nextjs.org/docs/messages/module-not-found


⨯ ./node_modules/better-sqlite3/lib/binding.js:30:26
Error: Module not found: Can't resolve (<dynamic> | 'null')
  [90m28 |[0m 	[36mlet[0m filename = getPrebuildPath();
  [90m29 |[0m 	[36mif[0m (filename) {
[31m[1m>[0m [90m30 |[0m 		[36mreturn[0m [33mDEFAULT_ADDON[0m = require(filename);
  [90m   |[0m                        [31m[1m^^^^^^^^^^^^^^^^^[0m
  [90m31 |[0m 	}
  [90m32 |[0m
  [90m33 |[0m 	[90m// If no prebuilt binary was found, try the default node-gyp locations.[0m



Import trace:
  Client Component Browser:
    ./node_modules/better-sqlite3/lib/binding.js [Client Component Browser]
    ./node_modules/better-sqlite3/lib/index.js [Client Component Browser]
    ./src/lib/db.ts [Client Component Browser]
    ./src/lib/properties.ts [Client Component Browser]
    ./src/components/HomeContent.tsx [Client Component Browser]
    ./src/components/HomeContent.tsx [Server Component]
    ./src/app/page.tsx [Server Component]

https://nextjs.org/docs/messages/module-not-found


⨯ ./node_modules/better-sqlite3/lib/binding.js:38:25
Error: Module not found: Can't resolve (<dynamic> | 'null')
  [90m36 |[0m 		filename = path.join(__dirname, [32m'..'[0m, [32m'build'[0m, [32m'Release'[0m, [32m'better_sqlite3.node'[0m);
  [90m37 |[0m 	}
[31m[1m>[0m [90m38 |[0m 	[36mreturn[0m [33mDEFAULT_ADDON[0m = require(filename);
  [90m   |[0m                        [31m[1m^^^^^^^^^^^^^^^^^[0m
  [90m39 |[0m }
  [90m40 |[0m
  [90m41 |[0m [36mfunction[0m getPrebuildPath() {



Import trace:
  Client Component Browser:
    ./node_modules/better-sqlite3/lib/binding.js [Client Component Browser]
    ./node_modules/better-sqlite3/lib/index.js [Client Component Browser]
    ./src/lib/db.ts [Client Component Browser]
    ./src/lib/properties.ts [Client Component Browser]
    ./src/components/HomeContent.tsx [Client Component Browser]
    ./src/components/HomeContent.tsx [Server Component]
    ./src/app/page.tsx [Server Component]

https://nextjs.org/docs/messages/module-not-found


⨯ ./node_modules/better-sqlite3/lib/binding.js:2:12
Error: Module not found: Can't resolve 'fs'
  [90m1 |[0m [32m'use strict'[0m;
[31m[1m>[0m [90m2 |[0m [36mconst[0m fs = require([32m'fs'[0m);
  [90m  |[0m            [31m[1m^^^^^^^^^^^^^[0m
  [90m3 |[0m [36mconst[0m path = require([32m'path'[0m);
  [90m4 |[0m
  [90m5 |[0m [36mconst[0m [33mPREBUILD_PLATFORMS[0m = [[32m'linux'[0m, [32m'darwin'[0m, [32m'win32'[0m];



Import trace:
  Client Component Browser:
    ./node_modules/better-sqlite3/lib/binding.js [Client Component Browser]
    ./node_modules/better-sqlite3/lib/index.js [Client Component Browser]
    ./src/lib/db.ts [Client Component Browser]
    ./src/lib/properties.ts [Client Component Browser]
    ./src/components/HomeContent.tsx [Client Component Browser]
    ./src/components/HomeContent.tsx [Server Component]
    ./src/app/page.tsx [Server Component]

https://nextjs.org/docs/messages/module-not-found


⨯ ./node_modules/better-sqlite3/lib/database.js:2:12
Error: Module not found: Can't resolve 'fs'
  [90m1 |[0m [32m'use strict'[0m;
[31m[1m>[0m [90m2 |[0m [36mconst[0m fs = require([32m'fs'[0m);
  [90m  |[0m            [31m[1m^^^^^^^^^^^^^[0m
  [90m3 |[0m [36mconst[0m path = require([32m'path'[0m);
  [90m4 |[0m [36mconst[0m util = require([32m'./util'[0m);
  [90m5 |[0m [36mconst[0m [33mSqliteError[0m = require([32m'./sqlite-error'[0m);



Import trace:
  Client Component Browser:
    ./node_modules/better-sqlite3/lib/database.js [Client Component Browser]
    ./node_modules/better-sqlite3/lib/index.js [Client Component Browser]
    ./src/lib/db.ts [Client Component Browser]
    ./src/lib/properties.ts [Client Component Browser]
    ./src/components/HomeContent.tsx [Client Component Browser]
    ./src/components/HomeContent.tsx [Server Component]
    ./src/app/page.tsx [Server Component]

https://nextjs.org/docs/messages/module-not-found


⨯ ./node_modules/better-sqlite3/lib/methods/backup.js:2:12
Error: Module not found: Can't resolve 'fs'
  [90m1 |[0m [32m'use strict'[0m;
[31m[1m>[0m [90m2 |[0m [36mconst[0m fs = require([32m'fs'[0m);
  [90m  |[0m            [31m[1m^^^^^^^^^^^^^[0m
  [90m3 |[0m [36mconst[0m path = require([32m'path'[0m);
  [90m4 |[0m [36mconst[0m { promisify } = require([32m'util'[0m);
  [90m5 |[0m [36mconst[0m { cppdb } = require([32m'../util'[0m);



Import trace:
  Client Component Browser:
    ./node_modules/better-sqlite3/lib/methods/backup.js [Client Component Browser]
    ./node_modules/better-sqlite3/lib/database.js [Client Component Browser]
    ./node_modules/better-sqlite3/lib/index.js [Client Component Browser]
    ./src/lib/db.ts [Client Component Browser]
    ./src/lib/properties.ts [Client Component Browser]
    ./src/components/HomeContent.tsx [Client Component Browser]
    ./src/components/HomeContent.tsx [Server Component]
    ./src/app/page.tsx [Server Component]

https://nextjs.org/docs/messages/module-not-found


⨯ ./node_modules/better-sqlite3/lib/binding.js:30:26
Error: Module not found: Can't resolve (<dynamic> | 'null')
  [90m28 |[0m 	[36mlet[0m filename = getPrebuildPath();
  [90m29 |[0m 	[36mif[0m (filename) {
[31m[1m>[0m [90m30 |[0m 		[36mreturn[0m [33mDEFAULT_ADDON[0m = require(filename);
  [90m   |[0m                        [31m[1m^^^^^^^^^^^^^^^^^[0m
  [90m31 |[0m 	}
  [90m32 |[0m
  [90m33 |[0m 	[90m// If no prebuilt binary was found, try the default node-gyp locations.[0m



Import trace:
  Client Component Browser:
    ./node_modules/better-sqlite3/lib/binding.js [Client Component Browser]
    ./node_modules/better-sqlite3/lib/index.js [Client Component Browser]
    ./src/lib/db.ts [Client Component Browser]
    ./src/lib/properties.ts [Client Component Browser]
    ./src/components/HomeContent.tsx [Client Component Browser]
    ./src/components/HomeContent.tsx [Server Component]
    ./src/app/page.tsx [Server Component]

https://nextjs.org/docs/messages/module-not-found


⨯ ./node_modules/better-sqlite3/lib/binding.js:38:25
Error: Module not found: Can't resolve (<dynamic> | 'null')
  [90m36 |[0m 		filename = path.join(__dirname, [32m'..'[0m, [32m'build'[0m, [32m'Release'[0m, [32m'better_sqlite3.node'[0m);
  [90m37 |[0m 	}
[31m[1m>[0m [90m38 |[0m 	[36mreturn[0m [33mDEFAULT_ADDON[0m = require(filename);
  [90m   |[0m                        [31m[1m^^^^^^^^^^^^^^^^^[0m
  [90m39 |[0m }
  [90m40 |[0m
  [90m41 |[0m [36mfunction[0m getPrebuildPath() {



Import trace:
  Client Component Browser:
    ./node_modules/better-sqlite3/lib/binding.js [Client Component Browser]
    ./node_modules/better-sqlite3/lib/index.js [Client Component Browser]
    ./src/lib/db.ts [Client Component Browser]
    ./src/lib/properties.ts [Client Component Browser]
    ./src/components/HomeContent.tsx [Client Component Browser]
    ./src/components/HomeContent.tsx [Server Component]
    ./src/app/page.tsx [Server Component]

https://nextjs.org/docs/messages/module-not-found


⨯ ./node_modules/better-sqlite3/lib/binding.js:2:12
Error: Module not found: Can't resolve 'fs'
  [90m1 |[0m [32m'use strict'[0m;
[31m[1m>[0m [90m2 |[0m [36mconst[0m fs = require([32m'fs'[0m);
  [90m  |[0m            [31m[1m^^^^^^^^^^^^^[0m
  [90m3 |[0m [36mconst[0m path = require([32m'path'[0m);
  [90m4 |[0m
  [90m5 |[0m [36mconst[0m [33mPREBUILD_PLATFORMS[0m = [[32m'linux'[0m, [32m'darwin'[0m, [32m'win32'[0m];



Import trace:
  Client Component Browser:
    ./node_modules/better-sqlite3/lib/binding.js [Client Component Browser]
    ./node_modules/better-sqlite3/lib/index.js [Client Component Browser]
    ./src/lib/db.ts [Client Component Browser]
    ./src/lib/properties.ts [Client Component Browser]
    ./src/components/HomeContent.tsx [Client Component Browser]
    ./src/components/HomeContent.tsx [Server Component]
    ./src/app/page.tsx [Server Component]

https://nextjs.org/docs/messages/module-not-found


⨯ ./node_modules/better-sqlite3/lib/database.js:2:12
Error: Module not found: Can't resolve 'fs'
  [90m1 |[0m [32m'use strict'[0m;
[31m[1m>[0m [90m2 |[0m [36mconst[0m fs = require([32m'fs'[0m);
  [90m  |[0m            [31m[1m^^^^^^^^^^^^^[0m
  [90m3 |[0m [36mconst[0m path = require([32m'path'[0m);
  [90m4 |[0m [36mconst[0m util = require([32m'./util'[0m);
  [90m5 |[0m [36mconst[0m [33mSqliteError[0m = require([32m'./sqlite-error'[0m);



Import trace:
  Client Component Browser:
    ./node_modules/better-sqlite3/lib/database.js [Client Component Browser]
    ./node_modules/better-sqlite3/lib/index.js [Client Component Browser]
    ./src/lib/db.ts [Client Component Browser]
    ./src/lib/properties.ts [Client Component Browser]
    ./src/components/HomeContent.tsx [Client Component Browser]
    ./src/components/HomeContent.tsx [Server Component]
    ./src/app/page.tsx [Server Component]

https://nextjs.org/docs/messages/module-not-found


⨯ ./node_modules/better-sqlite3/lib/methods/backup.js:2:12
Error: Module not found: Can't resolve 'fs'
  [90m1 |[0m [32m'use strict'[0m;
[31m[1m>[0m [90m2 |[0m [36mconst[0m fs = require([32m'fs'[0m);
  [90m  |[0m            [31m[1m^^^^^^^^^^^^^[0m
  [90m3 |[0m [36mconst[0m path = require([32m'path'[0m);
  [90m4 |[0m [36mconst[0m { promisify } = require([32m'util'[0m);
  [90m5 |[0m [36mconst[0m { cppdb } = require([32m'../util'[0m);



Import trace:
  Client Component Browser:
    ./node_modules/better-sqlite3/lib/methods/backup.js [Client Component Browser]
    ./node_modules/better-sqlite3/lib/database.js [Client Component Browser]
    ./node_modules/better-sqlite3/lib/index.js [Client Component Browser]
    ./src/lib/db.ts [Client Component Browser]
    ./src/lib/properties.ts [Client Component Browser]
    ./src/components/HomeContent.tsx [Client Component Browser]
    ./src/components/HomeContent.tsx [Server Component]
    ./src/app/page.tsx [Server Component]

https://nextjs.org/docs/messages/module-not-found


⨯ ./node_modules/better-sqlite3/lib/binding.js:30:26
Error: Module not found: Can't resolve (<dynamic> | 'null')
  [90m28 |[0m 	[36mlet[0m filename = getPrebuildPath();
  [90m29 |[0m 	[36mif[0m (filename) {
[31m[1m>[0m [90m30 |[0m 		[36mreturn[0m [33mDEFAULT_ADDON[0m = require(filename);
  [90m   |[0m                        [31m[1m^^^^^^^^^^^^^^^^^[0m
  [90m31 |[0m 	}
  [90m32 |[0m
  [90m33 |[0m 	[90m// If no prebuilt binary was found, try the default node-gyp locations.[0m



Import trace:
  Client Component Browser:
    ./node_modules/better-sqlite3/lib/binding.js [Client Component Browser]
    ./node_modules/better-sqlite3/lib/index.js [Client Component Browser]
    ./src/lib/db.ts [Client Component Browser]
    ./src/lib/properties.ts [Client Component Browser]
    ./src/components/HomeContent.tsx [Client Component Browser]
    ./src/components/HomeContent.tsx [Server Component]
    ./src/app/page.tsx [Server Component]

https://nextjs.org/docs/messages/module-not-found


⨯ ./node_modules/better-sqlite3/lib/binding.js:38:25
Error: Module not found: Can't resolve (<dynamic> | 'null')
  [90m36 |[0m 		filename = path.join(__dirname, [32m'..'[0m, [32m'build'[0m, [32m'Release'[0m, [32m'better_sqlite3.node'[0m);
  [90m37 |[0m 	}
[31m[1m>[0m [90m38 |[0m 	[36mreturn[0m [33mDEFAULT_ADDON[0m = require(filename);
  [90m   |[0m                        [31m[1m^^^^^^^^^^^^^^^^^[0m
  [90m39 |[0m }
  [90m40 |[0m
  [90m41 |[0m [36mfunction[0m getPrebuildPath() {



Import trace:
  Client Component Browser:
    ./node_modules/better-sqlite3/lib/binding.js [Client Component Browser]
    ./node_modules/better-sqlite3/lib/index.js [Client Component Browser]
    ./src/lib/db.ts [Client Component Browser]
    ./src/lib/properties.ts [Client Component Browser]
    ./src/components/HomeContent.tsx [Client Component Browser]
    ./src/components/HomeContent.tsx [Server Component]
    ./src/app/page.tsx [Server Component]

https://nextjs.org/docs/messages/module-not-found


⨯ ./node_modules/better-sqlite3/lib/binding.js:2:12
Error: Module not found: Can't resolve 'fs'
  [90m1 |[0m [32m'use strict'[0m;
[31m[1m>[0m [90m2 |[0m [36mconst[0m fs = require([32m'fs'[0m);
  [90m  |[0m            [31m[1m^^^^^^^^^^^^^[0m
  [90m3 |[0m [36mconst[0m path = require([32m'path'[0m);
  [90m4 |[0m
  [90m5 |[0m [36mconst[0m [33mPREBUILD_PLATFORMS[0m = [[32m'linux'[0m, [32m'darwin'[0m, [32m'win32'[0m];



Import trace:
  Client Component Browser:
    ./node_modules/better-sqlite3/lib/binding.js [Client Component Browser]
    ./node_modules/better-sqlite3/lib/index.js [Client Component Browser]
    ./src/lib/db.ts [Client Component Browser]
    ./src/lib/properties.ts [Client Component Browser]
    ./src/components/HomeContent.tsx [Client Component Browser]
    ./src/components/HomeContent.tsx [Server Component]
    ./src/app/page.tsx [Server Component]

https://nextjs.org/docs/messages/module-not-found


⨯ ./node_modules/better-sqlite3/lib/database.js:2:12
Error: Module not found: Can't resolve 'fs'
  [90m1 |[0m [32m'use strict'[0m;
[31m[1m>[0m [90m2 |[0m [36mconst[0m fs = require([32m'fs'[0m);
  [90m  |[0m            [31m[1m^^^^^^^^^^^^^[0m
  [90m3 |[0m [36mconst[0m path = require([32m'path'[0m);
  [90m4 |[0m [36mconst[0m util = require([32m'./util'[0m);
  [90m5 |[0m [36mconst[0m [33mSqliteError[0m = require([32m'./sqlite-error'[0m);



Import trace:
  Client Component Browser:
    ./node_modules/better-sqlite3/lib/database.js [Client Component Browser]
    ./node_modules/better-sqlite3/lib/index.js [Client Component Browser]
    ./src/lib/db.ts [Client Component Browser]
    ./src/lib/properties.ts [Client Component Browser]
    ./src/components/HomeContent.tsx [Client Component Browser]
    ./src/components/HomeContent.tsx [Server Component]
    ./src/app/page.tsx [Server Component]

https://nextjs.org/docs/messages/module-not-found


⨯ ./node_modules/better-sqlite3/lib/methods/backup.js:2:12
Error: Module not found: Can't resolve 'fs'
  [90m1 |[0m [32m'use strict'[0m;
[31m[1m>[0m [90m2 |[0m [36mconst[0m fs = require([32m'fs'[0m);
  [90m  |[0m            [31m[1m^^^^^^^^^^^^^[0m
  [90m3 |[0m [36mconst[0m path = require([32m'path'[0m);
  [90m4 |[0m [36mconst[0m { promisify } = require([32m'util'[0m);
  [90m5 |[0m [36mconst[0m { cppdb } = require([32m'../util'[0m);



Import trace:
  Client Component Browser:
    ./node_modules/better-sqlite3/lib/methods/backup.js [Client Component Browser]
    ./node_modules/better-sqlite3/lib/database.js [Client Component Browser]
    ./node_modules/better-sqlite3/lib/index.js [Client Component Browser]
    ./src/lib/db.ts [Client Component Browser]
    ./src/lib/properties.ts [Client Component Browser]
    ./src/components/HomeContent.tsx [Client Component Browser]
    ./src/components/HomeContent.tsx [Server Component]
    ./src/app/page.tsx [Server Component]

https://nextjs.org/docs/messages/module-not-found


⨯ ./node_modules/better-sqlite3/lib/binding.js:30:26
Error: Module not found: Can't resolve (<dynamic> | 'null')
  [90m28 |[0m 	[36mlet[0m filename = getPrebuildPath();
  [90m29 |[0m 	[36mif[0m (filename) {
[31m[1m>[0m [90m30 |[0m 		[36mreturn[0m [33mDEFAULT_ADDON[0m = require(filename);
  [90m   |[0m                        [31m[1m^^^^^^^^^^^^^^^^^[0m
  [90m31 |[0m 	}
  [90m32 |[0m
  [90m33 |[0m 	[90m// If no prebuilt binary was found, try the default node-gyp locations.[0m



Import trace:
  Client Component Browser:
    ./node_modules/better-sqlite3/lib/binding.js [Client Component Browser]
    ./node_modules/better-sqlite3/lib/index.js [Client Component Browser]
    ./src/lib/db.ts [Client Component Browser]
    ./src/lib/properties.ts [Client Component Browser]
    ./src/components/HomeContent.tsx [Client Component Browser]
    ./src/components/HomeContent.tsx [Server Component]
    ./src/app/page.tsx [Server Component]

https://nextjs.org/docs/messages/module-not-found


⨯ ./node_modules/better-sqlite3/lib/binding.js:38:25
Error: Module not found: Can't resolve (<dynamic> | 'null')
  [90m36 |[0m 		filename = path.join(__dirname, [32m'..'[0m, [32m'build'[0m, [32m'Release'[0m, [32m'better_sqlite3.node'[0m);
  [90m37 |[0m 	}
[31m[1m>[0m [90m38 |[0m 	[36mreturn[0m [33mDEFAULT_ADDON[0m = require(filename);
  [90m   |[0m                        [31m[1m^^^^^^^^^^^^^^^^^[0m
  [90m39 |[0m }
  [90m40 |[0m
  [90m41 |[0m [36mfunction[0m getPrebuildPath() {



Import trace:
  Client Component Browser:
    ./node_modules/better-sqlite3/lib/binding.js [Client Component Browser]
    ./node_modules/better-sqlite3/lib/index.js [Client Component Browser]
    ./src/lib/db.ts [Client Component Browser]
    ./src/lib/properties.ts [Client Component Browser]
    ./src/components/HomeContent.tsx [Client Component Browser]
    ./src/components/HomeContent.tsx [Server Component]
    ./src/app/page.tsx [Server Component]

https://nextjs.org/docs/messages/module-not-found


⨯ ./node_modules/better-sqlite3/lib/binding.js:2:12
Error: Module not found: Can't resolve 'fs'
  [90m1 |[0m [32m'use strict'[0m;
[31m[1m>[0m [90m2 |[0m [36mconst[0m fs = require([32m'fs'[0m);
  [90m  |[0m            [31m[1m^^^^^^^^^^^^^[0m
  [90m3 |[0m [36mconst[0m path = require([32m'path'[0m);
  [90m4 |[0m
  [90m5 |[0m [36mconst[0m [33mPREBUILD_PLATFORMS[0m = [[32m'linux'[0m, [32m'darwin'[0m, [32m'win32'[0m];



Import trace:
  Client Component Browser:
    ./node_modules/better-sqlite3/lib/binding.js [Client Component Browser]
    ./node_modules/better-sqlite3/lib/index.js [Client Component Browser]
    ./src/lib/db.ts [Client Component Browser]
    ./src/lib/properties.ts [Client Component Browser]
    ./src/components/HomeContent.tsx [Client Component Browser]
    ./src/components/HomeContent.tsx [Server Component]
    ./src/app/page.tsx [Server Component]

https://nextjs.org/docs/messages/module-not-found


⨯ ./node_modules/better-sqlite3/lib/database.js:2:12
Error: Module not found: Can't resolve 'fs'
  [90m1 |[0m [32m'use strict'[0m;
[31m[1m>[0m [90m2 |[0m [36mconst[0m fs = require([32m'fs'[0m);
  [90m  |[0m            [31m[1m^^^^^^^^^^^^^[0m
  [90m3 |[0m [36mconst[0m path = require([32m'path'[0m);
  [90m4 |[0m [36mconst[0m util = require([32m'./util'[0m);
  [90m5 |[0m [36mconst[0m [33mSqliteError[0m = require([32m'./sqlite-error'[0m);



Import trace:
  Client Component Browser:
    ./node_modules/better-sqlite3/lib/database.js [Client Component Browser]
    ./node_modules/better-sqlite3/lib/index.js [Client Component Browser]
    ./src/lib/db.ts [Client Component Browser]
    ./src/lib/properties.ts [Client Component Browser]
    ./src/components/HomeContent.tsx [Client Component Browser]
    ./src/components/HomeContent.tsx [Server Component]
    ./src/app/page.tsx [Server Component]

https://nextjs.org/docs/messages/module-not-found


⨯ ./node_modules/better-sqlite3/lib/methods/backup.js:2:12
Error: Module not found: Can't resolve 'fs'
  [90m1 |[0m [32m'use strict'[0m;
[31m[1m>[0m [90m2 |[0m [36mconst[0m fs = require([32m'fs'[0m);
  [90m  |[0m            [31m[1m^^^^^^^^^^^^^[0m
  [90m3 |[0m [36mconst[0m path = require([32m'path'[0m);
  [90m4 |[0m [36mconst[0m { promisify } = require([32m'util'[0m);
  [90m5 |[0m [36mconst[0m { cppdb } = require([32m'../util'[0m);



Import trace:
  Client Component Browser:
    ./node_modules/better-sqlite3/lib/methods/backup.js [Client Component Browser]
    ./node_modules/better-sqlite3/lib/database.js [Client Component Browser]
    ./node_modules/better-sqlite3/lib/index.js [Client Component Browser]
    ./src/lib/db.ts [Client Component Browser]
    ./src/lib/properties.ts [Client Component Browser]
    ./src/components/HomeContent.tsx [Client Component Browser]
    ./src/components/HomeContent.tsx [Server Component]
    ./src/app/page.tsx [Server Component]

https://nextjs.org/docs/messages/module-not-found


⨯ ./node_modules/better-sqlite3/lib/binding.js:30:26
Error: Module not found: Can't resolve (<dynamic> | 'null')
  [90m28 |[0m 	[36mlet[0m filename = getPrebuildPath();
  [90m29 |[0m 	[36mif[0m (filename) {
[31m[1m>[0m [90m30 |[0m 		[36mreturn[0m [33mDEFAULT_ADDON[0m = require(filename);
  [90m   |[0m                        [31m[1m^^^^^^^^^^^^^^^^^[0m
  [90m31 |[0m 	}
  [90m32 |[0m
  [90m33 |[0m 	[90m// If no prebuilt binary was found, try the default node-gyp locations.[0m



Import trace:
  Client Component Browser:
    ./node_modules/better-sqlite3/lib/binding.js [Client Component Browser]
    ./node_modules/better-sqlite3/lib/index.js [Client Component Browser]
    ./src/lib/db.ts [Client Component Browser]
    ./src/lib/properties.ts [Client Component Browser]
    ./src/components/HomeContent.tsx [Client Component Browser]
    ./src/components/HomeContent.tsx [Server Component]
    ./src/app/page.tsx [Server Component]

https://nextjs.org/docs/messages/module-not-found


⨯ ./node_modules/better-sqlite3/lib/binding.js:38:25
Error: Module not found: Can't resolve (<dynamic> | 'null')
  [90m36 |[0m 		filename = path.join(__dirname, [32m'..'[0m, [32m'build'[0m, [32m'Release'[0m, [32m'better_sqlite3.node'[0m);
  [90m37 |[0m 	}
[31m[1m>[0m [90m38 |[0m 	[36mreturn[0m [33mDEFAULT_ADDON[0m = require(filename);
  [90m   |[0m                        [31m[1m^^^^^^^^^^^^^^^^^[0m
  [90m39 |[0m }
  [90m40 |[0m
  [90m41 |[0m [36mfunction[0m getPrebuildPath() {



Import trace:
  Client Component Browser:
    ./node_modules/better-sqlite3/lib/binding.js [Client Component Browser]
    ./node_modules/better-sqlite3/lib/index.js [Client Component Browser]
    ./src/lib/db.ts [Client Component Browser]
    ./src/lib/properties.ts [Client Component Browser]
    ./src/components/HomeContent.tsx [Client Component Browser]
    ./src/components/HomeContent.tsx [Server Component]
    ./src/app/page.tsx [Server Component]

https://nextjs.org/docs/messages/module-not-found


[browser] ./node_modules/better-sqlite3/lib/binding.js:2:12
Error: Module not found: Can't resolve 'fs'
  1 | 'use strict';
> 2 | const fs = require('fs');
    |            ^^^^^^^^^^^^^
  3 | const path = require('path');
  4 |
  5 | const PREBUILD_PLATFORMS = ['linux', 'darwin', 'win32'];

Import trace:
  Client Component Browser:
    ./node_modules/better-sqlite3/lib/binding.js [Client Component Browser]
    ./node_modules/better-sqlite3/lib/index.js [Client Component Browser]
    ./src/lib/db.ts [Client Component Browser]
    ./src/lib/properties.ts [Client Component Browser]
    ./src/components/HomeContent.tsx [Client Component Browser]
    ./src/components/HomeContent.tsx [Server Component]
    ./src/app/page.tsx [Server Component]

https://nextjs.org/docs/messages/module-not-found 
[browser] ./node_modules/better-sqlite3/lib/database.js:2:12
Error: Module not found: Can't resolve 'fs'
  1 | 'use strict';
> 2 | const fs = require('fs');
    |            ^^^^^^^^^^^^^
  3 | const path = require('path');
  4 | const util = require('./util');
  5 | const SqliteError = require('./sqlite-error');

Import trace:
  Client Component Browser:
    ./node_modules/better-sqlite3/lib/database.js [Client Component Browser]
    ./node_modules/better-sqlite3/lib/index.js [Client Component Browser]
    ./src/lib/db.ts [Client Component Browser]
    ./src/lib/properties.ts [Client Component Browser]
    ./src/components/HomeContent.tsx [Client Component Browser]
    ./src/components/HomeContent.tsx [Server Component]
    ./src/app/page.tsx [Server Component]

https://nextjs.org/docs/messages/module-not-found 
[browser] ./node_modules/better-sqlite3/lib/methods/backup.js:2:12
Error: Module not found: Can't resolve 'fs'
  1 | 'use strict';
> 2 | const fs = require('fs');
    |            ^^^^^^^^^^^^^
  3 | const path = require('path');
  4 | const { promisify } = require('util');
  5 | const { cppdb } = require('../util');

Import trace:
  Client Component Browser:
    ./node_modules/better-sqlite3/lib/methods/backup.js [Client Component Browser]
    ./node_modules/better-sqlite3/lib/database.js [Client Component Browser]
    ./node_modules/better-sqlite3/lib/index.js [Client Component Browser]
    ./src/lib/db.ts [Client Component Browser]
    ./src/lib/properties.ts [Client Component Browser]
    ./src/components/HomeContent.tsx [Client Component Browser]
    ./src/components/HomeContent.tsx [Server Component]
    ./src/app/page.tsx [Server Component]

https://nextjs.org/docs/messages/module-not-found 
[browser] ./node_modules/better-sqlite3/lib/binding.js:38:25
Error: Module not found: Can't resolve (<dynamic> | 'null')
  36 | 		filename = path.join(__dirname, '..', 'build', 'Release', 'better_sqlite3.node');
  37 | 	}
> 38 | 	return DEFAULT_ADDON = require(filename);
     |                        ^^^^^^^^^^^^^^^^^
  39 | }
  40 |
  41 | function getPrebuildPath() {

Import trace:
  Client Component Browser:
    ./node_modules/better-sqlite3/lib/binding.js [Client Component Browser]
    ./node_modules/better-sqlite3/lib/index.js [Client Component Browser]
    ./src/lib/db.ts [Client Component Browser]
    ./src/lib/properties.ts [Client Component Browser]
    ./src/components/HomeContent.tsx [Client Component Browser]
    ./src/components/HomeContent.tsx [Server Component]
    ./src/app/page.tsx [Server Component]

https://nextjs.org/docs/messages/module-not-found 
[browser] ./src/components/HomeContent.tsx:14:1
Error: Export properties doesn't exist in target module
  12 | import Navbar from "@/components/Navbar";
  13 | import PropertyCard from "@/components/PropertyCard";
> 14 | import { properties } from "@/lib/properties";
     | ^^^^^^^^^^^^^^^^^^^^^^^^^^^^^^^^^^^^^^^^^^^^^^
  15 |
  16 | const Scene3D = dynamic(() => import("@/components/Scene3D"), {
  17 |   ssr: false,

The export properties was not found in module [project]/src/lib/properties.ts [app-client] (ecmascript).
Did you mean to import getAllProperties?
All exports of the module are statically known (It doesn't have dynamic exports). So it's known statically that the requested export doesn't exist.

Import trace:
  Server Component:
    ./src/components/HomeContent.tsx
    ./src/app/page.tsx 
[browser] ./src/components/HomeContent.tsx:14:1
Error: Export properties doesn't exist in target module
  12 | import Navbar from "@/components/Navbar";
  13 | import PropertyCard from "@/components/PropertyCard";
> 14 | import { properties } from "@/lib/properties";
     | ^^^^^^^^^^^^^^^^^^^^^^^^^^^^^^^^^^^^^^^^^^^^^^
  15 |
  16 | const Scene3D = dynamic(() => import("@/components/Scene3D"), {
  17 |   ssr: false,

The export properties was not found in module [project]/src/lib/properties.ts [app-ssr] (ecmascript).
Did you mean to import getAllProperties?
All exports of the module are statically known (It doesn't have dynamic exports). So it's known statically that the requested export doesn't exist.

Import trace:
  Server Component:
    ./src/components/HomeContent.tsx
    ./src/app/page.tsx 
[browser] ./src/app/properties/[id]/page.tsx:1:1
Error: Export properties doesn't exist in target module
> 1 | import { properties } from "@/lib/properties";
    | ^^^^^^^^^^^^^^^^^^^^^^^^^^^^^^^^^^^^^^^^^^^^^^
  2 | import PropertyDetailClient from "./PropertyDetailClient";
  3 | import { notFound } from "next/navigation";
  4 |

The export properties was not found in module [project]/src/lib/properties.ts [app-rsc] (ecmascript).
Did you mean to import getAllProperties?
All exports of the module are statically known (It doesn't have dynamic exports). So it's known statically that the requested export doesn't exist. 
[browser] ./node_modules/better-sqlite3/lib/binding.js:2:12
Error: Module not found: Can't resolve 'fs'
  1 | 'use strict';
> 2 | const fs = require('fs');
    |            ^^^^^^^^^^^^^
  3 | const path = require('path');
  4 |
  5 | const PREBUILD_PLATFORMS = ['linux', 'darwin', 'win32'];

Import trace:
  Client Component Browser:
    ./node_modules/better-sqlite3/lib/binding.js [Client Component Browser]
    ./node_modules/better-sqlite3/lib/index.js [Client Component Browser]
    ./src/lib/db.ts [Client Component Browser]
    ./src/lib/properties.ts [Client Component Browser]
    ./src/components/HomeContent.tsx [Client Component Browser]
    ./src/components/HomeContent.tsx [Server Component]
    ./src/app/page.tsx [Server Component]

https://nextjs.org/docs/messages/module-not-found 
[browser] ./node_modules/better-sqlite3/lib/database.js:2:12
Error: Module not found: Can't resolve 'fs'
  1 | 'use strict';
> 2 | const fs = require('fs');
    |            ^^^^^^^^^^^^^
  3 | const path = require('path');
  4 | const util = require('./util');
  5 | const SqliteError = require('./sqlite-error');

Import trace:
  Client Component Browser:
    ./node_modules/better-sqlite3/lib/database.js [Client Component Browser]
    ./node_modules/better-sqlite3/lib/index.js [Client Component Browser]
    ./src/lib/db.ts [Client Component Browser]
    ./src/lib/properties.ts [Client Component Browser]
    ./src/components/HomeContent.tsx [Client Component Browser]
    ./src/components/HomeContent.tsx [Server Component]
    ./src/app/page.tsx [Server Component]

https://nextjs.org/docs/messages/module-not-found 
[browser] ./node_modules/better-sqlite3/lib/methods/backup.js:2:12
Error: Module not found: Can't resolve 'fs'
  1 | 'use strict';
> 2 | const fs = require('fs');
    |            ^^^^^^^^^^^^^
  3 | const path = require('path');
  4 | const { promisify } = require('util');
  5 | const { cppdb } = require('../util');

Import trace:
  Client Component Browser:
    ./node_modules/better-sqlite3/lib/methods/backup.js [Client Component Browser]
    ./node_modules/better-sqlite3/lib/database.js [Client Component Browser]
    ./node_modules/better-sqlite3/lib/index.js [Client Component Browser]
    ./src/lib/db.ts [Client Component Browser]
    ./src/lib/properties.ts [Client Component Browser]
    ./src/components/HomeContent.tsx [Client Component Browser]
    ./src/components/HomeContent.tsx [Server Component]
    ./src/app/page.tsx [Server Component]

https://nextjs.org/docs/messages/module-not-found 
[browser] ./node_modules/better-sqlite3/lib/binding.js:38:25
Error: Module not found: Can't resolve (<dynamic> | 'null')
  36 | 		filename = path.join(__dirname, '..', 'build', 'Release', 'better_sqlite3.node');
  37 | 	}
> 38 | 	return DEFAULT_ADDON = require(filename);
     |                        ^^^^^^^^^^^^^^^^^
  39 | }
  40 |
  41 | function getPrebuildPath() {

Import trace:
  Client Component Browser:
    ./node_modules/better-sqlite3/lib/binding.js [Client Component Browser]
    ./node_modules/better-sqlite3/lib/index.js [Client Component Browser]
    ./src/lib/db.ts [Client Component Browser]
    ./src/lib/properties.ts [Client Component Browser]
    ./src/components/HomeContent.tsx [Client Component Browser]
    ./src/components/HomeContent.tsx [Server Component]
    ./src/app/page.tsx [Server Component]

https://nextjs.org/docs/messages/module-not-found 
[browser] ./src/components/HomeContent.tsx:14:1
Error: Export properties doesn't exist in target module
  12 | import Navbar from "@/components/Navbar";
  13 | import PropertyCard from "@/components/PropertyCard";
> 14 | import { properties } from "@/lib/properties";
     | ^^^^^^^^^^^^^^^^^^^^^^^^^^^^^^^^^^^^^^^^^^^^^^
  15 |
  16 | const Scene3D = dynamic(() => import("@/components/Scene3D"), {
  17 |   ssr: false,

The export properties was not found in module [project]/src/lib/properties.ts [app-client] (ecmascript).
Did you mean to import getAllProperties?
All exports of the module are statically known (It doesn't have dynamic exports). So it's known statically that the requested export doesn't exist.

Import trace:
  Server Component:
    ./src/components/HomeContent.tsx
    ./src/app/page.tsx 
[browser] ./src/components/HomeContent.tsx:14:1
Error: Export properties doesn't exist in target module
  12 | import Navbar from "@/components/Navbar";
  13 | import PropertyCard from "@/components/PropertyCard";
> 14 | import { properties } from "@/lib/properties";
     | ^^^^^^^^^^^^^^^^^^^^^^^^^^^^^^^^^^^^^^^^^^^^^^
  15 |
  16 | const Scene3D = dynamic(() => import("@/components/Scene3D"), {
  17 |   ssr: false,

The export properties was not found in module [project]/src/lib/properties.ts [app-ssr] (ecmascript).
Did you mean to import getAllProperties?
All exports of the module are statically known (It doesn't have dynamic exports). So it's known statically that the requested export doesn't exist.

Import trace:
  Server Component:
    ./src/components/HomeContent.tsx
    ./src/app/page.tsx 
[browser] ./src/app/properties/[id]/page.tsx:1:1
Error: Export properties doesn't exist in target module
> 1 | import { properties } from "@/lib/properties";
    | ^^^^^^^^^^^^^^^^^^^^^^^^^^^^^^^^^^^^^^^^^^^^^^
  2 | import PropertyDetailClient from "./PropertyDetailClient";
  3 | import { notFound } from "next/navigation";
  4 |

The export properties was not found in module [project]/src/lib/properties.ts [app-rsc] (ecmascript).
Did you mean to import getAllProperties?
All exports of the module are statically known (It doesn't have dynamic exports). So it's known statically that the requested export doesn't exist. 
[browser] ./node_modules/better-sqlite3/lib/binding.js:2:12
Error: Module not found: Can't resolve 'fs'
  1 | 'use strict';
> 2 | const fs = require('fs');
    |            ^^^^^^^^^^^^^
  3 | const path = require('path');
  4 |
  5 | const PREBUILD_PLATFORMS = ['linux', 'darwin', 'win32'];

Import trace:
  Client Component Browser:
    ./node_modules/better-sqlite3/lib/binding.js [Client Component Browser]
    ./node_modules/better-sqlite3/lib/index.js [Client Component Browser]
    ./src/lib/db.ts [Client Component Browser]
    ./src/lib/properties.ts [Client Component Browser]
    ./src/components/HomeContent.tsx [Client Component Browser]
    ./src/components/HomeContent.tsx [Server Component]
    ./src/app/page.tsx [Server Component]

https://nextjs.org/docs/messages/module-not-found 
[browser] ./node_modules/better-sqlite3/lib/database.js:2:12
Error: Module not found: Can't resolve 'fs'
  1 | 'use strict';
> 2 | const fs = require('fs');
    |            ^^^^^^^^^^^^^
  3 | const path = require('path');
  4 | const util = require('./util');
  5 | const SqliteError = require('./sqlite-error');

Import trace:
  Client Component Browser:
    ./node_modules/better-sqlite3/lib/database.js [Client Component Browser]
    ./node_modules/better-sqlite3/lib/index.js [Client Component Browser]
    ./src/lib/db.ts [Client Component Browser]
    ./src/lib/properties.ts [Client Component Browser]
    ./src/components/HomeContent.tsx [Client Component Browser]
    ./src/components/HomeContent.tsx [Server Component]
    ./src/app/page.tsx [Server Component]

https://nextjs.org/docs/messages/module-not-found 
[browser] ./node_modules/better-sqlite3/lib/methods/backup.js:2:12
Error: Module not found: Can't resolve 'fs'
  1 | 'use strict';
> 2 | const fs = require('fs');
    |            ^^^^^^^^^^^^^
  3 | const path = require('path');
  4 | const { promisify } = require('util');
  5 | const { cppdb } = require('../util');

Import trace:
  Client Component Browser:
    ./node_modules/better-sqlite3/lib/methods/backup.js [Client Component Browser]
    ./node_modules/better-sqlite3/lib/database.js [Client Component Browser]
    ./node_modules/better-sqlite3/lib/index.js [Client Component Browser]
    ./src/lib/db.ts [Client Component Browser]
    ./src/lib/properties.ts [Client Component Browser]
    ./src/components/HomeContent.tsx [Client Component Browser]
    ./src/components/HomeContent.tsx [Server Component]
    ./src/app/page.tsx [Server Component]

https://nextjs.org/docs/messages/module-not-found 
[browser] ./node_modules/better-sqlite3/lib/binding.js:38:25
Error: Module not found: Can't resolve (<dynamic> | 'null')
  36 | 		filename = path.join(__dirname, '..', 'build', 'Release', 'better_sqlite3.node');
  37 | 	}
> 38 | 	return DEFAULT_ADDON = require(filename);
     |                        ^^^^^^^^^^^^^^^^^
  39 | }
  40 |
  41 | function getPrebuildPath() {

Import trace:
  Client Component Browser:
    ./node_modules/better-sqlite3/lib/binding.js [Client Component Browser]
    ./node_modules/better-sqlite3/lib/index.js [Client Component Browser]
    ./src/lib/db.ts [Client Component Browser]
    ./src/lib/properties.ts [Client Component Browser]
    ./src/components/HomeContent.tsx [Client Component Browser]
    ./src/components/HomeContent.tsx [Server Component]
    ./src/app/page.tsx [Server Component]

https://nextjs.org/docs/messages/module-not-found 
[browser] ./src/components/HomeContent.tsx:14:1
Error: Export properties doesn't exist in target module
  12 | import Navbar from "@/components/Navbar";
  13 | import PropertyCard from "@/components/PropertyCard";
> 14 | import { properties } from "@/lib/properties";
     | ^^^^^^^^^^^^^^^^^^^^^^^^^^^^^^^^^^^^^^^^^^^^^^
  15 |
  16 | const Scene3D = dynamic(() => import("@/components/Scene3D"), {
  17 |   ssr: false,

The export properties was not found in module [project]/src/lib/properties.ts [app-client] (ecmascript).
Did you mean to import getAllProperties?
All exports of the module are statically known (It doesn't have dynamic exports). So it's known statically that the requested export doesn't exist.

Import trace:
  Server Component:
    ./src/components/HomeContent.tsx
    ./src/app/page.tsx 
[browser] ./src/components/HomeContent.tsx:14:1
Error: Export properties doesn't exist in target module
  12 | import Navbar from "@/components/Navbar";
  13 | import PropertyCard from "@/components/PropertyCard";
> 14 | import { properties } from "@/lib/properties";
     | ^^^^^^^^^^^^^^^^^^^^^^^^^^^^^^^^^^^^^^^^^^^^^^
  15 |
  16 | const Scene3D = dynamic(() => import("@/components/Scene3D"), {
  17 |   ssr: false,

The export properties was not found in module [project]/src/lib/properties.ts [app-ssr] (ecmascript).
Did you mean to import getAllProperties?
All exports of the module are statically known (It doesn't have dynamic exports). So it's known statically that the requested export doesn't exist.

Import trace:
  Server Component:
    ./src/components/HomeContent.tsx
    ./src/app/page.tsx 
⨯ ./node_modules/better-sqlite3/lib/binding.js:2:12
Error: Module not found: Can't resolve 'fs'
  [90m1 |[0m [32m'use strict'[0m;
[31m[1m>[0m [90m2 |[0m [36mconst[0m fs = require([32m'fs'[0m);
  [90m  |[0m            [31m[1m^^^^^^^^^^^^^[0m
  [90m3 |[0m [36mconst[0m path = require([32m'path'[0m);
  [90m4 |[0m
  [90m5 |[0m [36mconst[0m [33mPREBUILD_PLATFORMS[0m = [[32m'linux'[0m, [32m'darwin'[0m, [32m'win32'[0m];



Import trace:
  Client Component Browser:
    ./node_modules/better-sqlite3/lib/binding.js [Client Component Browser]
    ./node_modules/better-sqlite3/lib/index.js [Client Component Browser]
    ./src/lib/db.ts [Client Component Browser]
    ./src/lib/properties.ts [Client Component Browser]
    ./src/components/HomeContent.tsx [Client Component Browser]
    ./src/components/HomeContent.tsx [Server Component]
    ./src/app/page.tsx [Server Component]

https://nextjs.org/docs/messages/module-not-found



./node_modules/better-sqlite3/lib/database.js:2:12
Error: Module not found: Can't resolve 'fs'
  [90m1 |[0m [32m'use strict'[0m;
[31m[1m>[0m [90m2 |[0m [36mconst[0m fs = require([32m'fs'[0m);
  [90m  |[0m            [31m[1m^^^^^^^^^^^^^[0m
  [90m3 |[0m [36mconst[0m path = require([32m'path'[0m);
  [90m4 |[0m [36mconst[0m util = require([32m'./util'[0m);
  [90m5 |[0m [36mconst[0m [33mSqliteError[0m = require([32m'./sqlite-error'[0m);



Import trace:
  Client Component Browser:
    ./node_modules/better-sqlite3/lib/database.js [Client Component Browser]
    ./node_modules/better-sqlite3/lib/index.js [Client Component Browser]
    ./src/lib/db.ts [Client Component Browser]
    ./src/lib/properties.ts [Client Component Browser]
    ./src/components/HomeContent.tsx [Client Component Browser]
    ./src/components/HomeContent.tsx [Server Component]
    ./src/app/page.tsx [Server Component]

https://nextjs.org/docs/messages/module-not-found



./node_modules/better-sqlite3/lib/methods/backup.js:2:12
Error: Module not found: Can't resolve 'fs'
  [90m1 |[0m [32m'use strict'[0m;
[31m[1m>[0m [90m2 |[0m [36mconst[0m fs = require([32m'fs'[0m);
  [90m  |[0m            [31m[1m^^^^^^^^^^^^^[0m
  [90m3 |[0m [36mconst[0m path = require([32m'path'[0m);
  [90m4 |[0m [36mconst[0m { promisify } = require([32m'util'[0m);
  [90m5 |[0m [36mconst[0m { cppdb } = require([32m'../util'[0m);



Import trace:
  Client Component Browser:
    ./node_modules/better-sqlite3/lib/methods/backup.js [Client Component Browser]
    ./node_modules/better-sqlite3/lib/database.js [Client Component Browser]
    ./node_modules/better-sqlite3/lib/index.js [Client Component Browser]
    ./src/lib/db.ts [Client Component Browser]
    ./src/lib/properties.ts [Client Component Browser]
    ./src/components/HomeContent.tsx [Client Component Browser]
    ./src/components/HomeContent.tsx [Server Component]
    ./src/app/page.tsx [Server Component]

https://nextjs.org/docs/messages/module-not-found



./node_modules/better-sqlite3/lib/binding.js:30:26
Error: Module not found: Can't resolve (<dynamic> | 'null')
  [90m28 |[0m 	[36mlet[0m filename = getPrebuildPath();
  [90m29 |[0m 	[36mif[0m (filename) {
[31m[1m>[0m [90m30 |[0m 		[36mreturn[0m [33mDEFAULT_ADDON[0m = require(filename);
  [90m   |[0m                        [31m[1m^^^^^^^^^^^^^^^^^[0m
  [90m31 |[0m 	}
  [90m32 |[0m
  [90m33 |[0m 	[90m// If no prebuilt binary was found, try the default node-gyp locations.[0m



Import trace:
  Client Component Browser:
    ./node_modules/better-sqlite3/lib/binding.js [Client Component Browser]
    ./node_modules/better-sqlite3/lib/index.js [Client Component Browser]
    ./src/lib/db.ts [Client Component Browser]
    ./src/lib/properties.ts [Client Component Browser]
    ./src/components/HomeContent.tsx [Client Component Browser]
    ./src/components/HomeContent.tsx [Server Component]
    ./src/app/page.tsx [Server Component]

https://nextjs.org/docs/messages/module-not-found



./node_modules/better-sqlite3/lib/binding.js:38:25
Error: Module not found: Can't resolve (<dynamic> | 'null')
  [90m36 |[0m 		filename = path.join(__dirname, [32m'..'[0m, [32m'build'[0m, [32m'Release'[0m, [32m'better_sqlite3.node'[0m);
  [90m37 |[0m 	}
[31m[1m>[0m [90m38 |[0m 	[36mreturn[0m [33mDEFAULT_ADDON[0m = require(filename);
  [90m   |[0m                        [31m[1m^^^^^^^^^^^^^^^^^[0m
  [90m39 |[0m }
  [90m40 |[0m
  [90m41 |[0m [36mfunction[0m getPrebuildPath() {



Import trace:
  Client Component Browser:
    ./node_modules/better-sqlite3/lib/binding.js [Client Component Browser]
    ./node_modules/better-sqlite3/lib/index.js [Client Component Browser]
    ./src/lib/db.ts [Client Component Browser]
    ./src/lib/properties.ts [Client Component Browser]
    ./src/components/HomeContent.tsx [Client Component Browser]
    ./src/components/HomeContent.tsx [Server Component]
    ./src/app/page.tsx [Server Component]

https://nextjs.org/docs/messages/module-not-found



./src/components/HomeContent.tsx:14:1
Error: Export properties doesn't exist in target module
  [90m12 |[0m [36mimport[0m [33mNavbar[0m [36mfrom[0m [32m"@/components/Navbar"[0m;
  [90m13 |[0m [36mimport[0m [33mPropertyCard[0m [36mfrom[0m [32m"@/components/PropertyCard"[0m;
[31m[1m>[0m [90m14 |[0m [36mimport[0m { properties } [36mfrom[0m [32m"@/lib/properties"[0m;
  [90m   |[0m [31m[1m^^^^^^^^^^^^^^^^^^^^^^^^^^^^^^^^^^^^^^^^^^^^^^[0m
  [90m15 |[0m
  [90m16 |[0m [36mconst[0m [33mScene3D[0m = dynamic(() => [36mimport[0m([32m"@/components/Scene3D"[0m), {
  [90m17 |[0m   ssr: [36mfalse[0m,

The export properties was not found in module [project]/src/lib/properties.ts [app-client] (ecmascript).
Did you mean to import getAllProperties?
All exports of the module are statically known (It doesn't have dynamic exports). So it's known statically that the requested export doesn't exist.

Import trace:
  Server Component:
    ./src/components/HomeContent.tsx
    ./src/app/page.tsx



./src/components/HomeContent.tsx:14:1
Error: Export properties doesn't exist in target module
  [90m12 |[0m [36mimport[0m [33mNavbar[0m [36mfrom[0m [32m"@/components/Navbar"[0m;
  [90m13 |[0m [36mimport[0m [33mPropertyCard[0m [36mfrom[0m [32m"@/components/PropertyCard"[0m;
[31m[1m>[0m [90m14 |[0m [36mimport[0m { properties } [36mfrom[0m [32m"@/lib/properties"[0m;
  [90m   |[0m [31m[1m^^^^^^^^^^^^^^^^^^^^^^^^^^^^^^^^^^^^^^^^^^^^^^[0m
  [90m15 |[0m
  [90m16 |[0m [36mconst[0m [33mScene3D[0m = dynamic(() => [36mimport[0m([32m"@/components/Scene3D"[0m), {
  [90m17 |[0m   ssr: [36mfalse[0m,

The export properties was not found in module [project]/src/lib/properties.ts [app-ssr] (ecmascript).
Did you mean to import getAllProperties?
All exports of the module are statically known (It doesn't have dynamic exports). So it's known statically that the requested export doesn't exist.

Import trace:
  Server Component:
    ./src/components/HomeContent.tsx
    ./src/app/page.tsx


[browser] ./node_modules/better-sqlite3/lib/binding.js:2:12
Error: Module not found: Can't resolve 'fs'
  1 | 'use strict';
> 2 | const fs = require('fs');
    |            ^^^^^^^^^^^^^
  3 | const path = require('path');
  4 |
  5 | const PREBUILD_PLATFORMS = ['linux', 'darwin', 'win32'];

Import trace:
  Client Component Browser:
    ./node_modules/better-sqlite3/lib/binding.js [Client Component Browser]
    ./node_modules/better-sqlite3/lib/index.js [Client Component Browser]
    ./src/lib/db.ts [Client Component Browser]
    ./src/lib/properties.ts [Client Component Browser]
    ./src/components/HomeContent.tsx [Client Component Browser]
    ./src/components/HomeContent.tsx [Server Component]
    ./src/app/page.tsx [Server Component]

https://nextjs.org/docs/messages/module-not-found 
[browser] ./node_modules/better-sqlite3/lib/database.js:2:12
Error: Module not found: Can't resolve 'fs'
  1 | 'use strict';
> 2 | const fs = require('fs');
    |            ^^^^^^^^^^^^^
  3 | const path = require('path');
  4 | const util = require('./util');
  5 | const SqliteError = require('./sqlite-error');

Import trace:
  Client Component Browser:
    ./node_modules/better-sqlite3/lib/database.js [Client Component Browser]
    ./node_modules/better-sqlite3/lib/index.js [Client Component Browser]
    ./src/lib/db.ts [Client Component Browser]
    ./src/lib/properties.ts [Client Component Browser]
    ./src/components/HomeContent.tsx [Client Component Browser]
    ./src/components/HomeContent.tsx [Server Component]
    ./src/app/page.tsx [Server Component]

https://nextjs.org/docs/messages/module-not-found 
[browser] ./node_modules/better-sqlite3/lib/methods/backup.js:2:12
Error: Module not found: Can't resolve 'fs'
  1 | 'use strict';
> 2 | const fs = require('fs');
    |            ^^^^^^^^^^^^^
  3 | const path = require('path');
  4 | const { promisify } = require('util');
  5 | const { cppdb } = require('../util');

Import trace:
  Client Component Browser:
    ./node_modules/better-sqlite3/lib/methods/backup.js [Client Component Browser]
    ./node_modules/better-sqlite3/lib/database.js [Client Component Browser]
    ./node_modules/better-sqlite3/lib/index.js [Client Component Browser]
    ./src/lib/db.ts [Client Component Browser]
    ./src/lib/properties.ts [Client Component Browser]
    ./src/components/HomeContent.tsx [Client Component Browser]
    ./src/components/HomeContent.tsx [Server Component]
    ./src/app/page.tsx [Server Component]

https://nextjs.org/docs/messages/module-not-found 
[browser] ./node_modules/better-sqlite3/lib/binding.js:38:25
Error: Module not found: Can't resolve (<dynamic> | 'null')
  36 | 		filename = path.join(__dirname, '..', 'build', 'Release', 'better_sqlite3.node');
  37 | 	}
> 38 | 	return DEFAULT_ADDON = require(filename);
     |                        ^^^^^^^^^^^^^^^^^
  39 | }
  40 |
  41 | function getPrebuildPath() {

Import trace:
  Client Component Browser:
    ./node_modules/better-sqlite3/lib/binding.js [Client Component Browser]
    ./node_modules/better-sqlite3/lib/index.js [Client Component Browser]
    ./src/lib/db.ts [Client Component Browser]
    ./src/lib/properties.ts [Client Component Browser]
    ./src/components/HomeContent.tsx [Client Component Browser]
    ./src/components/HomeContent.tsx [Server Component]
    ./src/app/page.tsx [Server Component]

https://nextjs.org/docs/messages/module-not-found 
[browser] ./src/components/HomeContent.tsx:14:1
Error: Export properties doesn't exist in target module
  12 | import Navbar from "@/components/Navbar";
  13 | import PropertyCard from "@/components/PropertyCard";
> 14 | import { properties } from "@/lib/properties";
     | ^^^^^^^^^^^^^^^^^^^^^^^^^^^^^^^^^^^^^^^^^^^^^^
  15 |
  16 | const Scene3D = dynamic(() => import("@/components/Scene3D"), {
  17 |   ssr: false,

The export properties was not found in module [project]/src/lib/properties.ts [app-client] (ecmascript).
Did you mean to import getAllProperties?
All exports of the module are statically known (It doesn't have dynamic exports). So it's known statically that the requested export doesn't exist.

Import trace:
  Server Component:
    ./src/components/HomeContent.tsx
    ./src/app/page.tsx 
[browser] ./src/components/HomeContent.tsx:14:1
Error: Export properties doesn't exist in target module
  12 | import Navbar from "@/components/Navbar";
  13 | import PropertyCard from "@/components/PropertyCard";
> 14 | import { properties } from "@/lib/properties";
     | ^^^^^^^^^^^^^^^^^^^^^^^^^^^^^^^^^^^^^^^^^^^^^^
  15 |
  16 | const Scene3D = dynamic(() => import("@/components/Scene3D"), {
  17 |   ssr: false,

The export properties was not found in module [project]/src/lib/properties.ts [app-ssr] (ecmascript).
Did you mean to import getAllProperties?
All exports of the module are statically known (It doesn't have dynamic exports). So it's known statically that the requested export doesn't exist.

Import trace:
  Server Component:
    ./src/components/HomeContent.tsx
    ./src/app/page.tsx 
[browser] ./node_modules/better-sqlite3/lib/binding.js:2:12
Error: Module not found: Can't resolve 'fs'
  1 | 'use strict';
> 2 | const fs = require('fs');
    |            ^^^^^^^^^^^^^
  3 | const path = require('path');
  4 |
  5 | const PREBUILD_PLATFORMS = ['linux', 'darwin', 'win32'];

Import trace:
  Client Component Browser:
    ./node_modules/better-sqlite3/lib/binding.js [Client Component Browser]
    ./node_modules/better-sqlite3/lib/index.js [Client Component Browser]
    ./src/lib/db.ts [Client Component Browser]
    ./src/lib/properties.ts [Client Component Browser]
    ./src/components/HomeContent.tsx [Client Component Browser]
    ./src/components/HomeContent.tsx [Server Component]
    ./src/app/page.tsx [Server Component]

https://nextjs.org/docs/messages/module-not-found 
[browser] ./node_modules/better-sqlite3/lib/database.js:2:12
Error: Module not found: Can't resolve 'fs'
  1 | 'use strict';
> 2 | const fs = require('fs');
    |            ^^^^^^^^^^^^^
  3 | const path = require('path');
  4 | const util = require('./util');
  5 | const SqliteError = require('./sqlite-error');

Import trace:
  Client Component Browser:
    ./node_modules/better-sqlite3/lib/database.js [Client Component Browser]
    ./node_modules/better-sqlite3/lib/index.js [Client Component Browser]
    ./src/lib/db.ts [Client Component Browser]
    ./src/lib/properties.ts [Client Component Browser]
    ./src/components/HomeContent.tsx [Client Component Browser]
    ./src/components/HomeContent.tsx [Server Component]
    ./src/app/page.tsx [Server Component]

https://nextjs.org/docs/messages/module-not-found 
[browser] ./node_modules/better-sqlite3/lib/methods/backup.js:2:12
Error: Module not found: Can't resolve 'fs'
  1 | 'use strict';
> 2 | const fs = require('fs');
    |            ^^^^^^^^^^^^^
  3 | const path = require('path');
  4 | const { promisify } = require('util');
  5 | const { cppdb } = require('../util');

Import trace:
  Client Component Browser:
    ./node_modules/better-sqlite3/lib/methods/backup.js [Client Component Browser]
    ./node_modules/better-sqlite3/lib/database.js [Client Component Browser]
    ./node_modules/better-sqlite3/lib/index.js [Client Component Browser]
    ./src/lib/db.ts [Client Component Browser]
    ./src/lib/properties.ts [Client Component Browser]
    ./src/components/HomeContent.tsx [Client Component Browser]
    ./src/components/HomeContent.tsx [Server Component]
    ./src/app/page.tsx [Server Component]

https://nextjs.org/docs/messages/module-not-found 
[browser] ./node_modules/better-sqlite3/lib/binding.js:38:25
Error: Module not found: Can't resolve (<dynamic> | 'null')
  36 | 		filename = path.join(__dirname, '..', 'build', 'Release', 'better_sqlite3.node');
  37 | 	}
> 38 | 	return DEFAULT_ADDON = require(filename);
     |                        ^^^^^^^^^^^^^^^^^
  39 | }
  40 |
  41 | function getPrebuildPath() {

Import trace:
  Client Component Browser:
    ./node_modules/better-sqlite3/lib/binding.js [Client Component Browser]
    ./node_modules/better-sqlite3/lib/index.js [Client Component Browser]
    ./src/lib/db.ts [Client Component Browser]
    ./src/lib/properties.ts [Client Component Browser]
    ./src/components/HomeContent.tsx [Client Component Browser]
    ./src/components/HomeContent.tsx [Server Component]
    ./src/app/page.tsx [Server Component]

https://nextjs.org/docs/messages/module-not-found 
[browser] ./src/components/HomeContent.tsx:14:1
Error: Export properties doesn't exist in target module
  12 | import Navbar from "@/components/Navbar";
  13 | import PropertyCard from "@/components/PropertyCard";
> 14 | import { properties } from "@/lib/properties";
     | ^^^^^^^^^^^^^^^^^^^^^^^^^^^^^^^^^^^^^^^^^^^^^^
  15 |
  16 | const Scene3D = dynamic(() => import("@/components/Scene3D"), {
  17 |   ssr: false,

The export properties was not found in module [project]/src/lib/properties.ts [app-client] (ecmascript).
Did you mean to import getAllProperties?
All exports of the module are statically known (It doesn't have dynamic exports). So it's known statically that the requested export doesn't exist.

Import trace:
  Server Component:
    ./src/components/HomeContent.tsx
    ./src/app/page.tsx 
[browser] ./src/components/HomeContent.tsx:14:1
Error: Export properties doesn't exist in target module
  12 | import Navbar from "@/components/Navbar";
  13 | import PropertyCard from "@/components/PropertyCard";
> 14 | import { properties } from "@/lib/properties";
     | ^^^^^^^^^^^^^^^^^^^^^^^^^^^^^^^^^^^^^^^^^^^^^^
  15 |
  16 | const Scene3D = dynamic(() => import("@/components/Scene3D"), {
  17 |   ssr: false,

The export properties was not found in module [project]/src/lib/properties.ts [app-ssr] (ecmascript).
Did you mean to import getAllProperties?
All exports of the module are statically known (It doesn't have dynamic exports). So it's known statically that the requested export doesn't exist.

Import trace:
  Server Component:
    ./src/components/HomeContent.tsx
    ./src/app/page.tsx 
[browser] ./node_modules/better-sqlite3/lib/binding.js:2:12
Error: Module not found: Can't resolve 'fs'
  1 | 'use strict';
> 2 | const fs = require('fs');
    |            ^^^^^^^^^^^^^
  3 | const path = require('path');
  4 |
  5 | const PREBUILD_PLATFORMS = ['linux', 'darwin', 'win32'];

Import trace:
  Client Component Browser:
    ./node_modules/better-sqlite3/lib/binding.js [Client Component Browser]
    ./node_modules/better-sqlite3/lib/index.js [Client Component Browser]
    ./src/lib/db.ts [Client Component Browser]
    ./src/lib/properties.ts [Client Component Browser]
    ./src/components/HomeContent.tsx [Client Component Browser]
    ./src/components/HomeContent.tsx [Server Component]
    ./src/app/page.tsx [Server Component]

https://nextjs.org/docs/messages/module-not-found 
[browser] ./node_modules/better-sqlite3/lib/database.js:2:12
Error: Module not found: Can't resolve 'fs'
  1 | 'use strict';
> 2 | const fs = require('fs');
    |            ^^^^^^^^^^^^^
  3 | const path = require('path');
  4 | const util = require('./util');
  5 | const SqliteError = require('./sqlite-error');

Import trace:
  Client Component Browser:
    ./node_modules/better-sqlite3/lib/database.js [Client Component Browser]
    ./node_modules/better-sqlite3/lib/index.js [Client Component Browser]
    ./src/lib/db.ts [Client Component Browser]
    ./src/lib/properties.ts [Client Component Browser]
    ./src/components/HomeContent.tsx [Client Component Browser]
    ./src/components/HomeContent.tsx [Server Component]
    ./src/app/page.tsx [Server Component]

https://nextjs.org/docs/messages/module-not-found 
[browser] ./node_modules/better-sqlite3/lib/methods/backup.js:2:12
Error: Module not found: Can't resolve 'fs'
  1 | 'use strict';
> 2 | const fs = require('fs');
    |            ^^^^^^^^^^^^^
  3 | const path = require('path');
  4 | const { promisify } = require('util');
  5 | const { cppdb } = require('../util');

Import trace:
  Client Component Browser:
    ./node_modules/better-sqlite3/lib/methods/backup.js [Client Component Browser]
    ./node_modules/better-sqlite3/lib/database.js [Client Component Browser]
    ./node_modules/better-sqlite3/lib/index.js [Client Component Browser]
    ./src/lib/db.ts [Client Component Browser]
    ./src/lib/properties.ts [Client Component Browser]
    ./src/components/HomeContent.tsx [Client Component Browser]
    ./src/components/HomeContent.tsx [Server Component]
    ./src/app/page.tsx [Server Component]

https://nextjs.org/docs/messages/module-not-found 
[browser] ./node_modules/better-sqlite3/lib/binding.js:38:25
Error: Module not found: Can't resolve (<dynamic> | 'null')
  36 | 		filename = path.join(__dirname, '..', 'build', 'Release', 'better_sqlite3.node');
  37 | 	}
> 38 | 	return DEFAULT_ADDON = require(filename);
     |                        ^^^^^^^^^^^^^^^^^
  39 | }
  40 |
  41 | function getPrebuildPath() {

Import trace:
  Client Component Browser:
    ./node_modules/better-sqlite3/lib/binding.js [Client Component Browser]
    ./node_modules/better-sqlite3/lib/index.js [Client Component Browser]
    ./src/lib/db.ts [Client Component Browser]
    ./src/lib/properties.ts [Client Component Browser]
    ./src/components/HomeContent.tsx [Client Component Browser]
    ./src/components/HomeContent.tsx [Server Component]
    ./src/app/page.tsx [Server Component]

https://nextjs.org/docs/messages/module-not-found 
[browser] ./src/components/HomeContent.tsx:14:1
Error: Export properties doesn't exist in target module
  12 | import Navbar from "@/components/Navbar";
  13 | import PropertyCard from "@/components/PropertyCard";
> 14 | import { properties } from "@/lib/properties";
     | ^^^^^^^^^^^^^^^^^^^^^^^^^^^^^^^^^^^^^^^^^^^^^^
  15 |
  16 | const Scene3D = dynamic(() => import("@/components/Scene3D"), {
  17 |   ssr: false,

The export properties was not found in module [project]/src/lib/properties.ts [app-client] (ecmascript).
Did you mean to import getAllProperties?
All exports of the module are statically known (It doesn't have dynamic exports). So it's known statically that the requested export doesn't exist.

Import trace:
  Server Component:
    ./src/components/HomeContent.tsx
    ./src/app/page.tsx 
[browser] ./src/components/HomeContent.tsx:14:1
Error: Export properties doesn't exist in target module
  12 | import Navbar from "@/components/Navbar";
  13 | import PropertyCard from "@/components/PropertyCard";
> 14 | import { properties } from "@/lib/properties";
     | ^^^^^^^^^^^^^^^^^^^^^^^^^^^^^^^^^^^^^^^^^^^^^^
  15 |
  16 | const Scene3D = dynamic(() => import("@/components/Scene3D"), {
  17 |   ssr: false,

The export properties was not found in module [project]/src/lib/properties.ts [app-ssr] (ecmascript).
Did you mean to import getAllProperties?
All exports of the module are statically known (It doesn't have dynamic exports). So it's known statically that the requested export doesn't exist.

Import trace:
  Server Component:
    ./src/components/HomeContent.tsx
    ./src/app/page.tsx 
[browser] Uncaught Error: ./node_modules/better-sqlite3/lib/binding.js:2:12
Error: Module not found: Can't resolve 'fs'
  1 | 'use strict';
> 2 | const fs = require('fs');
    |            ^^^^^^^^^^^^^
  3 | const path = require('path');
  4 |
  5 | const PREBUILD_PLATFORMS = ['linux', 'darwin', 'win32'];



Import trace:
  Client Component Browser:
    ./node_modules/better-sqlite3/lib/binding.js [Client Component Browser]
    ./node_modules/better-sqlite3/lib/index.js [Client Component Browser]
    ./src/lib/db.ts [Client Component Browser]
    ./src/lib/properties.ts [Client Component Browser]
    ./src/components/HomeContent.tsx [Client Component Browser]
    ./src/components/HomeContent.tsx [Server Component]
    ./src/app/page.tsx [Server Component]

https://nextjs.org/docs/messages/module-not-found


    at <unknown> (Error: ./node_modules/better-sqlite3/lib/binding.js:2:12)
    at <unknown> (https://nextjs.org/docs/messages/module-not-found)
    at <unknown> (https://nextjs.org/docs/messages/module-not-found)
[browser] ./node_modules/better-sqlite3/lib/binding.js:2:12
Error: Module not found: Can't resolve 'fs'
  1 | 'use strict';
> 2 | const fs = require('fs');
    |            ^^^^^^^^^^^^^
  3 | const path = require('path');
  4 |
  5 | const PREBUILD_PLATFORMS = ['linux', 'darwin', 'win32'];

Import trace:
  Client Component Browser:
    ./node_modules/better-sqlite3/lib/binding.js [Client Component Browser]
    ./node_modules/better-sqlite3/lib/index.js [Client Component Browser]
    ./src/lib/db.ts [Client Component Browser]
    ./src/lib/properties.ts [Client Component Browser]
    ./src/components/HomeContent.tsx [Client Component Browser]
    ./src/components/HomeContent.tsx [Server Component]
    ./src/app/page.tsx [Server Component]

https://nextjs.org/docs/messages/module-not-found 
[browser] ./node_modules/better-sqlite3/lib/database.js:2:12
Error: Module not found: Can't resolve 'fs'
  1 | 'use strict';
> 2 | const fs = require('fs');
    |            ^^^^^^^^^^^^^
  3 | const path = require('path');
  4 | const util = require('./util');
  5 | const SqliteError = require('./sqlite-error');

Import trace:
  Client Component Browser:
    ./node_modules/better-sqlite3/lib/database.js [Client Component Browser]
    ./node_modules/better-sqlite3/lib/index.js [Client Component Browser]
    ./src/lib/db.ts [Client Component Browser]
    ./src/lib/properties.ts [Client Component Browser]
    ./src/components/HomeContent.tsx [Client Component Browser]
    ./src/components/HomeContent.tsx [Server Component]
    ./src/app/page.tsx [Server Component]

https://nextjs.org/docs/messages/module-not-found 
[browser] ./node_modules/better-sqlite3/lib/methods/backup.js:2:12
Error: Module not found: Can't resolve 'fs'
  1 | 'use strict';
> 2 | const fs = require('fs');
    |            ^^^^^^^^^^^^^
  3 | const path = require('path');
  4 | const { promisify } = require('util');
  5 | const { cppdb } = require('../util');

Import trace:
  Client Component Browser:
    ./node_modules/better-sqlite3/lib/methods/backup.js [Client Component Browser]
    ./node_modules/better-sqlite3/lib/database.js [Client Component Browser]
    ./node_modules/better-sqlite3/lib/index.js [Client Component Browser]
    ./src/lib/db.ts [Client Component Browser]
    ./src/lib/properties.ts [Client Component Browser]
    ./src/components/HomeContent.tsx [Client Component Browser]
    ./src/components/HomeContent.tsx [Server Component]
    ./src/app/page.tsx [Server Component]

https://nextjs.org/docs/messages/module-not-found 
[browser] ./node_modules/better-sqlite3/lib/binding.js:38:25
Error: Module not found: Can't resolve (<dynamic> | 'null')
  36 | 		filename = path.join(__dirname, '..', 'build', 'Release', 'better_sqlite3.node');
  37 | 	}
> 38 | 	return DEFAULT_ADDON = require(filename);
     |                        ^^^^^^^^^^^^^^^^^
  39 | }
  40 |
  41 | function getPrebuildPath() {

Import trace:
  Client Component Browser:
    ./node_modules/better-sqlite3/lib/binding.js [Client Component Browser]
    ./node_modules/better-sqlite3/lib/index.js [Client Component Browser]
    ./src/lib/db.ts [Client Component Browser]
    ./src/lib/properties.ts [Client Component Browser]
    ./src/components/HomeContent.tsx [Client Component Browser]
    ./src/components/HomeContent.tsx [Server Component]
    ./src/app/page.tsx [Server Component]

https://nextjs.org/docs/messages/module-not-found 
[browser] ./src/components/HomeContent.tsx:14:1
Error: Export properties doesn't exist in target module
  12 | import Navbar from "@/components/Navbar";
  13 | import PropertyCard from "@/components/PropertyCard";
> 14 | import { properties } from "@/lib/properties";
     | ^^^^^^^^^^^^^^^^^^^^^^^^^^^^^^^^^^^^^^^^^^^^^^
  15 |
  16 | const Scene3D = dynamic(() => import("@/components/Scene3D"), {
  17 |   ssr: false,

The export properties was not found in module [project]/src/lib/properties.ts [app-client] (ecmascript).
Did you mean to import getAllProperties?
All exports of the module are statically known (It doesn't have dynamic exports). So it's known statically that the requested export doesn't exist.

Import trace:
  Server Component:
    ./src/components/HomeContent.tsx
    ./src/app/page.tsx 
[browser] ./src/components/HomeContent.tsx:14:1
Error: Export properties doesn't exist in target module
  12 | import Navbar from "@/components/Navbar";
  13 | import PropertyCard from "@/components/PropertyCard";
> 14 | import { properties } from "@/lib/properties";
     | ^^^^^^^^^^^^^^^^^^^^^^^^^^^^^^^^^^^^^^^^^^^^^^
  15 |
  16 | const Scene3D = dynamic(() => import("@/components/Scene3D"), {
  17 |   ssr: false,

The export properties was not found in module [project]/src/lib/properties.ts [app-ssr] (ecmascript).
Did you mean to import getAllProperties?
All exports of the module are statically known (It doesn't have dynamic exports). So it's known statically that the requested export doesn't exist.

Import trace:
  Server Component:
    ./src/components/HomeContent.tsx
    ./src/app/page.tsx 
[browser] ./node_modules/better-sqlite3/lib/binding.js:2:12
Error: Module not found: Can't resolve 'fs'
  1 | 'use strict';
> 2 | const fs = require('fs');
    |            ^^^^^^^^^^^^^
  3 | const path = require('path');
  4 |
  5 | const PREBUILD_PLATFORMS = ['linux', 'darwin', 'win32'];

Import trace:
  Client Component Browser:
    ./node_modules/better-sqlite3/lib/binding.js [Client Component Browser]
    ./node_modules/better-sqlite3/lib/index.js [Client Component Browser]
    ./src/lib/db.ts [Client Component Browser]
    ./src/lib/properties.ts [Client Component Browser]
    ./src/components/HomeContent.tsx [Client Component Browser]
    ./src/components/HomeContent.tsx [Server Component]
    ./src/app/page.tsx [Server Component]

https://nextjs.org/docs/messages/module-not-found 
[browser] ./node_modules/better-sqlite3/lib/database.js:2:12
Error: Module not found: Can't resolve 'fs'
  1 | 'use strict';
> 2 | const fs = require('fs');
    |            ^^^^^^^^^^^^^
  3 | const path = require('path');
  4 | const util = require('./util');
  5 | const SqliteError = require('./sqlite-error');

Import trace:
  Client Component Browser:
    ./node_modules/better-sqlite3/lib/database.js [Client Component Browser]
    ./node_modules/better-sqlite3/lib/index.js [Client Component Browser]
    ./src/lib/db.ts [Client Component Browser]
    ./src/lib/properties.ts [Client Component Browser]
    ./src/components/HomeContent.tsx [Client Component Browser]
    ./src/components/HomeContent.tsx [Server Component]
    ./src/app/page.tsx [Server Component]

https://nextjs.org/docs/messages/module-not-found 
[browser] ./node_modules/better-sqlite3/lib/methods/backup.js:2:12
Error: Module not found: Can't resolve 'fs'
  1 | 'use strict';
> 2 | const fs = require('fs');
    |            ^^^^^^^^^^^^^
  3 | const path = require('path');
  4 | const { promisify } = require('util');
  5 | const { cppdb } = require('../util');

Import trace:
  Client Component Browser:
    ./node_modules/better-sqlite3/lib/methods/backup.js [Client Component Browser]
    ./node_modules/better-sqlite3/lib/database.js [Client Component Browser]
    ./node_modules/better-sqlite3/lib/index.js [Client Component Browser]
    ./src/lib/db.ts [Client Component Browser]
    ./src/lib/properties.ts [Client Component Browser]
    ./src/components/HomeContent.tsx [Client Component Browser]
    ./src/components/HomeContent.tsx [Server Component]
    ./src/app/page.tsx [Server Component]

https://nextjs.org/docs/messages/module-not-found 
[browser] ./node_modules/better-sqlite3/lib/binding.js:38:25
Error: Module not found: Can't resolve (<dynamic> | 'null')
  36 | 		filename = path.join(__dirname, '..', 'build', 'Release', 'better_sqlite3.node');
  37 | 	}
> 38 | 	return DEFAULT_ADDON = require(filename);
     |                        ^^^^^^^^^^^^^^^^^
  39 | }
  40 |
  41 | function getPrebuildPath() {

Import trace:
  Client Component Browser:
    ./node_modules/better-sqlite3/lib/binding.js [Client Component Browser]
    ./node_modules/better-sqlite3/lib/index.js [Client Component Browser]
    ./src/lib/db.ts [Client Component Browser]
    ./src/lib/properties.ts [Client Component Browser]
    ./src/components/HomeContent.tsx [Client Component Browser]
    ./src/components/HomeContent.tsx [Server Component]
    ./src/app/page.tsx [Server Component]

https://nextjs.org/docs/messages/module-not-found 
[browser] ./src/components/HomeContent.tsx:14:1
Error: Export properties doesn't exist in target module
  12 | import Navbar from "@/components/Navbar";
  13 | import PropertyCard from "@/components/PropertyCard";
> 14 | import { properties } from "@/lib/properties";
     | ^^^^^^^^^^^^^^^^^^^^^^^^^^^^^^^^^^^^^^^^^^^^^^
  15 |
  16 | const Scene3D = dynamic(() => import("@/components/Scene3D"), {
  17 |   ssr: false,

The export properties was not found in module [project]/src/lib/properties.ts [app-client] (ecmascript).
Did you mean to import getAllProperties?
All exports of the module are statically known (It doesn't have dynamic exports). So it's known statically that the requested export doesn't exist.

Import trace:
  Server Component:
    ./src/components/HomeContent.tsx
    ./src/app/page.tsx 
[browser] ./src/components/HomeContent.tsx:14:1
Error: Export properties doesn't exist in target module
  12 | import Navbar from "@/components/Navbar";
  13 | import PropertyCard from "@/components/PropertyCard";
> 14 | import { properties } from "@/lib/properties";
     | ^^^^^^^^^^^^^^^^^^^^^^^^^^^^^^^^^^^^^^^^^^^^^^
  15 |
  16 | const Scene3D = dynamic(() => import("@/components/Scene3D"), {
  17 |   ssr: false,

The export properties was not found in module [project]/src/lib/properties.ts [app-ssr] (ecmascript).
Did you mean to import getAllProperties?
All exports of the module are statically known (It doesn't have dynamic exports). So it's known statically that the requested export doesn't exist.

Import trace:
  Server Component:
    ./src/components/HomeContent.tsx
    ./src/app/page.tsx 
[browser] ./node_modules/better-sqlite3/lib/binding.js:2:12
Error: Module not found: Can't resolve 'fs'
  1 | 'use strict';
> 2 | const fs = require('fs');
    |            ^^^^^^^^^^^^^
  3 | const path = require('path');
  4 |
  5 | const PREBUILD_PLATFORMS = ['linux', 'darwin', 'win32'];

Import trace:
  Client Component Browser:
    ./node_modules/better-sqlite3/lib/binding.js [Client Component Browser]
    ./node_modules/better-sqlite3/lib/index.js [Client Component Browser]
    ./src/lib/db.ts [Client Component Browser]
    ./src/lib/properties.ts [Client Component Browser]
    ./src/components/HomeContent.tsx [Client Component Browser]
    ./src/components/HomeContent.tsx [Server Component]
    ./src/app/page.tsx [Server Component]

https://nextjs.org/docs/messages/module-not-found 
[browser] ./node_modules/better-sqlite3/lib/database.js:2:12
Error: Module not found: Can't resolve 'fs'
  1 | 'use strict';
> 2 | const fs = require('fs');
    |            ^^^^^^^^^^^^^
  3 | const path = require('path');
  4 | const util = require('./util');
  5 | const SqliteError = require('./sqlite-error');

Import trace:
  Client Component Browser:
    ./node_modules/better-sqlite3/lib/database.js [Client Component Browser]
    ./node_modules/better-sqlite3/lib/index.js [Client Component Browser]
    ./src/lib/db.ts [Client Component Browser]
    ./src/lib/properties.ts [Client Component Browser]
    ./src/components/HomeContent.tsx [Client Component Browser]
    ./src/components/HomeContent.tsx [Server Component]
    ./src/app/page.tsx [Server Component]

https://nextjs.org/docs/messages/module-not-found 
[browser] ./node_modules/better-sqlite3/lib/methods/backup.js:2:12
Error: Module not found: Can't resolve 'fs'
  1 | 'use strict';
> 2 | const fs = require('fs');
    |            ^^^^^^^^^^^^^
  3 | const path = require('path');
  4 | const { promisify } = require('util');
  5 | const { cppdb } = require('../util');

Import trace:
  Client Component Browser:
    ./node_modules/better-sqlite3/lib/methods/backup.js [Client Component Browser]
    ./node_modules/better-sqlite3/lib/database.js [Client Component Browser]
    ./node_modules/better-sqlite3/lib/index.js [Client Component Browser]
    ./src/lib/db.ts [Client Component Browser]
    ./src/lib/properties.ts [Client Component Browser]
    ./src/components/HomeContent.tsx [Client Component Browser]
    ./src/components/HomeContent.tsx [Server Component]
    ./src/app/page.tsx [Server Component]

https://nextjs.org/docs/messages/module-not-found 
[browser] ./node_modules/better-sqlite3/lib/binding.js:38:25
Error: Module not found: Can't resolve (<dynamic> | 'null')
  36 | 		filename = path.join(__dirname, '..', 'build', 'Release', 'better_sqlite3.node');
  37 | 	}
> 38 | 	return DEFAULT_ADDON = require(filename);
     |                        ^^^^^^^^^^^^^^^^^
  39 | }
  40 |
  41 | function getPrebuildPath() {

Import trace:
  Client Component Browser:
    ./node_modules/better-sqlite3/lib/binding.js [Client Component Browser]
    ./node_modules/better-sqlite3/lib/index.js [Client Component Browser]
    ./src/lib/db.ts [Client Component Browser]
    ./src/lib/properties.ts [Client Component Browser]
    ./src/components/HomeContent.tsx [Client Component Browser]
    ./src/components/HomeContent.tsx [Server Component]
    ./src/app/page.tsx [Server Component]

https://nextjs.org/docs/messages/module-not-found 
[browser] ./src/components/HomeContent.tsx:14:1
Error: Export properties doesn't exist in target module
  12 | import Navbar from "@/components/Navbar";
  13 | import PropertyCard from "@/components/PropertyCard";
> 14 | import { properties } from "@/lib/properties";
     | ^^^^^^^^^^^^^^^^^^^^^^^^^^^^^^^^^^^^^^^^^^^^^^
  15 |
  16 | const Scene3D = dynamic(() => import("@/components/Scene3D"), {
  17 |   ssr: false,

The export properties was not found in module [project]/src/lib/properties.ts [app-client] (ecmascript).
Did you mean to import getAllProperties?
All exports of the module are statically known (It doesn't have dynamic exports). So it's known statically that the requested export doesn't exist.

Import trace:
  Server Component:
    ./src/components/HomeContent.tsx
    ./src/app/page.tsx 
[browser] ./src/components/HomeContent.tsx:14:1
Error: Export properties doesn't exist in target module
  12 | import Navbar from "@/components/Navbar";
  13 | import PropertyCard from "@/components/PropertyCard";
> 14 | import { properties } from "@/lib/properties";
     | ^^^^^^^^^^^^^^^^^^^^^^^^^^^^^^^^^^^^^^^^^^^^^^
  15 |
  16 | const Scene3D = dynamic(() => import("@/components/Scene3D"), {
  17 |   ssr: false,

The export properties was not found in module [project]/src/lib/properties.ts [app-ssr] (ecmascript).
Did you mean to import getAllProperties?
All exports of the module are statically known (It doesn't have dynamic exports). So it's known statically that the requested export doesn't exist.

Import trace:
  Server Component:
    ./src/components/HomeContent.tsx
    ./src/app/page.tsx 
⨯ ./node_modules/better-sqlite3/lib/binding.js:2:12
Error: Module not found: Can't resolve 'fs'
  [90m1 |[0m [32m'use strict'[0m;
[31m[1m>[0m [90m2 |[0m [36mconst[0m fs = require([32m'fs'[0m);
  [90m  |[0m            [31m[1m^^^^^^^^^^^^^[0m
  [90m3 |[0m [36mconst[0m path = require([32m'path'[0m);
  [90m4 |[0m
  [90m5 |[0m [36mconst[0m [33mPREBUILD_PLATFORMS[0m = [[32m'linux'[0m, [32m'darwin'[0m, [32m'win32'[0m];



Import trace:
  Client Component Browser:
    ./node_modules/better-sqlite3/lib/binding.js [Client Component Browser]
    ./node_modules/better-sqlite3/lib/index.js [Client Component Browser]
    ./src/lib/db.ts [Client Component Browser]
    ./src/lib/properties.ts [Client Component Browser]
    ./src/components/HomeContent.tsx [Client Component Browser]
    ./src/components/HomeContent.tsx [Server Component]
    ./src/app/page.tsx [Server Component]

https://nextjs.org/docs/messages/module-not-found


⨯ ./node_modules/better-sqlite3/lib/database.js:2:12
Error: Module not found: Can't resolve 'fs'
  [90m1 |[0m [32m'use strict'[0m;
[31m[1m>[0m [90m2 |[0m [36mconst[0m fs = require([32m'fs'[0m);
  [90m  |[0m            [31m[1m^^^^^^^^^^^^^[0m
  [90m3 |[0m [36mconst[0m path = require([32m'path'[0m);
  [90m4 |[0m [36mconst[0m util = require([32m'./util'[0m);
  [90m5 |[0m [36mconst[0m [33mSqliteError[0m = require([32m'./sqlite-error'[0m);



Import trace:
  Client Component Browser:
    ./node_modules/better-sqlite3/lib/database.js [Client Component Browser]
    ./node_modules/better-sqlite3/lib/index.js [Client Component Browser]
    ./src/lib/db.ts [Client Component Browser]
    ./src/lib/properties.ts [Client Component Browser]
    ./src/components/HomeContent.tsx [Client Component Browser]
    ./src/components/HomeContent.tsx [Server Component]
    ./src/app/page.tsx [Server Component]

https://nextjs.org/docs/messages/module-not-found


⨯ ./node_modules/better-sqlite3/lib/methods/backup.js:2:12
Error: Module not found: Can't resolve 'fs'
  [90m1 |[0m [32m'use strict'[0m;
[31m[1m>[0m [90m2 |[0m [36mconst[0m fs = require([32m'fs'[0m);
  [90m  |[0m            [31m[1m^^^^^^^^^^^^^[0m
  [90m3 |[0m [36mconst[0m path = require([32m'path'[0m);
  [90m4 |[0m [36mconst[0m { promisify } = require([32m'util'[0m);
  [90m5 |[0m [36mconst[0m { cppdb } = require([32m'../util'[0m);



Import trace:
  Client Component Browser:
    ./node_modules/better-sqlite3/lib/methods/backup.js [Client Component Browser]
    ./node_modules/better-sqlite3/lib/database.js [Client Component Browser]
    ./node_modules/better-sqlite3/lib/index.js [Client Component Browser]
    ./src/lib/db.ts [Client Component Browser]
    ./src/lib/properties.ts [Client Component Browser]
    ./src/components/HomeContent.tsx [Client Component Browser]
    ./src/components/HomeContent.tsx [Server Component]
    ./src/app/page.tsx [Server Component]

https://nextjs.org/docs/messages/module-not-found


⨯ ./node_modules/better-sqlite3/lib/binding.js:30:26
Error: Module not found: Can't resolve (<dynamic> | 'null')
  [90m28 |[0m 	[36mlet[0m filename = getPrebuildPath();
  [90m29 |[0m 	[36mif[0m (filename) {
[31m[1m>[0m [90m30 |[0m 		[36mreturn[0m [33mDEFAULT_ADDON[0m = require(filename);
  [90m   |[0m                        [31m[1m^^^^^^^^^^^^^^^^^[0m
  [90m31 |[0m 	}
  [90m32 |[0m
  [90m33 |[0m 	[90m// If no prebuilt binary was found, try the default node-gyp locations.[0m



Import trace:
  Client Component Browser:
    ./node_modules/better-sqlite3/lib/binding.js [Client Component Browser]
    ./node_modules/better-sqlite3/lib/index.js [Client Component Browser]
    ./src/lib/db.ts [Client Component Browser]
    ./src/lib/properties.ts [Client Component Browser]
    ./src/components/HomeContent.tsx [Client Component Browser]
    ./src/components/HomeContent.tsx [Server Component]
    ./src/app/page.tsx [Server Component]

https://nextjs.org/docs/messages/module-not-found


⨯ ./node_modules/better-sqlite3/lib/binding.js:38:25
Error: Module not found: Can't resolve (<dynamic> | 'null')
  [90m36 |[0m 		filename = path.join(__dirname, [32m'..'[0m, [32m'build'[0m, [32m'Release'[0m, [32m'better_sqlite3.node'[0m);
  [90m37 |[0m 	}
[31m[1m>[0m [90m38 |[0m 	[36mreturn[0m [33mDEFAULT_ADDON[0m = require(filename);
  [90m   |[0m                        [31m[1m^^^^^^^^^^^^^^^^^[0m
  [90m39 |[0m }
  [90m40 |[0m
  [90m41 |[0m [36mfunction[0m getPrebuildPath() {



Import trace:
  Client Component Browser:
    ./node_modules/better-sqlite3/lib/binding.js [Client Component Browser]
    ./node_modules/better-sqlite3/lib/index.js [Client Component Browser]
    ./src/lib/db.ts [Client Component Browser]
    ./src/lib/properties.ts [Client Component Browser]
    ./src/components/HomeContent.tsx [Client Component Browser]
    ./src/components/HomeContent.tsx [Server Component]
    ./src/app/page.tsx [Server Component]

https://nextjs.org/docs/messages/module-not-found


⨯ ./node_modules/better-sqlite3/lib/binding.js:2:12
Error: Module not found: Can't resolve 'fs'
  [90m1 |[0m [32m'use strict'[0m;
[31m[1m>[0m [90m2 |[0m [36mconst[0m fs = require([32m'fs'[0m);
  [90m  |[0m            [31m[1m^^^^^^^^^^^^^[0m
  [90m3 |[0m [36mconst[0m path = require([32m'path'[0m);
  [90m4 |[0m
  [90m5 |[0m [36mconst[0m [33mPREBUILD_PLATFORMS[0m = [[32m'linux'[0m, [32m'darwin'[0m, [32m'win32'[0m];



Import trace:
  Client Component Browser:
    ./node_modules/better-sqlite3/lib/binding.js [Client Component Browser]
    ./node_modules/better-sqlite3/lib/index.js [Client Component Browser]
    ./src/lib/db.ts [Client Component Browser]
    ./src/lib/properties.ts [Client Component Browser]
    ./src/components/HomeContent.tsx [Client Component Browser]
    ./src/components/HomeContent.tsx [Server Component]
    ./src/app/page.tsx [Server Component]

https://nextjs.org/docs/messages/module-not-found


⨯ ./node_modules/better-sqlite3/lib/database.js:2:12
Error: Module not found: Can't resolve 'fs'
  [90m1 |[0m [32m'use strict'[0m;
[31m[1m>[0m [90m2 |[0m [36mconst[0m fs = require([32m'fs'[0m);
  [90m  |[0m            [31m[1m^^^^^^^^^^^^^[0m
  [90m3 |[0m [36mconst[0m path = require([32m'path'[0m);
  [90m4 |[0m [36mconst[0m util = require([32m'./util'[0m);
  [90m5 |[0m [36mconst[0m [33mSqliteError[0m = require([32m'./sqlite-error'[0m);



Import trace:
  Client Component Browser:
    ./node_modules/better-sqlite3/lib/database.js [Client Component Browser]
    ./node_modules/better-sqlite3/lib/index.js [Client Component Browser]
    ./src/lib/db.ts [Client Component Browser]
    ./src/lib/properties.ts [Client Component Browser]
    ./src/components/HomeContent.tsx [Client Component Browser]
    ./src/components/HomeContent.tsx [Server Component]
    ./src/app/page.tsx [Server Component]

https://nextjs.org/docs/messages/module-not-found


⨯ ./node_modules/better-sqlite3/lib/methods/backup.js:2:12
Error: Module not found: Can't resolve 'fs'
  [90m1 |[0m [32m'use strict'[0m;
[31m[1m>[0m [90m2 |[0m [36mconst[0m fs = require([32m'fs'[0m);
  [90m  |[0m            [31m[1m^^^^^^^^^^^^^[0m
  [90m3 |[0m [36mconst[0m path = require([32m'path'[0m);
  [90m4 |[0m [36mconst[0m { promisify } = require([32m'util'[0m);
  [90m5 |[0m [36mconst[0m { cppdb } = require([32m'../util'[0m);



Import trace:
  Client Component Browser:
    ./node_modules/better-sqlite3/lib/methods/backup.js [Client Component Browser]
    ./node_modules/better-sqlite3/lib/database.js [Client Component Browser]
    ./node_modules/better-sqlite3/lib/index.js [Client Component Browser]
    ./src/lib/db.ts [Client Component Browser]
    ./src/lib/properties.ts [Client Component Browser]
    ./src/components/HomeContent.tsx [Client Component Browser]
    ./src/components/HomeContent.tsx [Server Component]
    ./src/app/page.tsx [Server Component]

https://nextjs.org/docs/messages/module-not-found


⨯ ./node_modules/better-sqlite3/lib/binding.js:30:26
Error: Module not found: Can't resolve (<dynamic> | 'null')
  [90m28 |[0m 	[36mlet[0m filename = getPrebuildPath();
  [90m29 |[0m 	[36mif[0m (filename) {
[31m[1m>[0m [90m30 |[0m 		[36mreturn[0m [33mDEFAULT_ADDON[0m = require(filename);
  [90m   |[0m                        [31m[1m^^^^^^^^^^^^^^^^^[0m
  [90m31 |[0m 	}
  [90m32 |[0m
  [90m33 |[0m 	[90m// If no prebuilt binary was found, try the default node-gyp locations.[0m



Import trace:
  Client Component Browser:
    ./node_modules/better-sqlite3/lib/binding.js [Client Component Browser]
    ./node_modules/better-sqlite3/lib/index.js [Client Component Browser]
    ./src/lib/db.ts [Client Component Browser]
    ./src/lib/properties.ts [Client Component Browser]
    ./src/components/HomeContent.tsx [Client Component Browser]
    ./src/components/HomeContent.tsx [Server Component]
    ./src/app/page.tsx [Server Component]

https://nextjs.org/docs/messages/module-not-found


⨯ ./node_modules/better-sqlite3/lib/binding.js:38:25
Error: Module not found: Can't resolve (<dynamic> | 'null')
  [90m36 |[0m 		filename = path.join(__dirname, [32m'..'[0m, [32m'build'[0m, [32m'Release'[0m, [32m'better_sqlite3.node'[0m);
  [90m37 |[0m 	}
[31m[1m>[0m [90m38 |[0m 	[36mreturn[0m [33mDEFAULT_ADDON[0m = require(filename);
  [90m   |[0m                        [31m[1m^^^^^^^^^^^^^^^^^[0m
  [90m39 |[0m }
  [90m40 |[0m
  [90m41 |[0m [36mfunction[0m getPrebuildPath() {



Import trace:
  Client Component Browser:
    ./node_modules/better-sqlite3/lib/binding.js [Client Component Browser]
    ./node_modules/better-sqlite3/lib/index.js [Client Component Browser]
    ./src/lib/db.ts [Client Component Browser]
    ./src/lib/properties.ts [Client Component Browser]
    ./src/components/HomeContent.tsx [Client Component Browser]
    ./src/components/HomeContent.tsx [Server Component]
    ./src/app/page.tsx [Server Component]

https://nextjs.org/docs/messages/module-not-found


⨯ ./node_modules/better-sqlite3/lib/binding.js:2:12
Error: Module not found: Can't resolve 'fs'
  [90m1 |[0m [32m'use strict'[0m;
[31m[1m>[0m [90m2 |[0m [36mconst[0m fs = require([32m'fs'[0m);
  [90m  |[0m            [31m[1m^^^^^^^^^^^^^[0m
  [90m3 |[0m [36mconst[0m path = require([32m'path'[0m);
  [90m4 |[0m
  [90m5 |[0m [36mconst[0m [33mPREBUILD_PLATFORMS[0m = [[32m'linux'[0m, [32m'darwin'[0m, [32m'win32'[0m];



Import trace:
  Client Component Browser:
    ./node_modules/better-sqlite3/lib/binding.js [Client Component Browser]
    ./node_modules/better-sqlite3/lib/index.js [Client Component Browser]
    ./src/lib/db.ts [Client Component Browser]
    ./src/lib/properties.ts [Client Component Browser]
    ./src/components/HomeContent.tsx [Client Component Browser]
    ./src/components/HomeContent.tsx [Server Component]
    ./src/app/page.tsx [Server Component]

https://nextjs.org/docs/messages/module-not-found


⨯ ./node_modules/better-sqlite3/lib/database.js:2:12
Error: Module not found: Can't resolve 'fs'
  [90m1 |[0m [32m'use strict'[0m;
[31m[1m>[0m [90m2 |[0m [36mconst[0m fs = require([32m'fs'[0m);
  [90m  |[0m            [31m[1m^^^^^^^^^^^^^[0m
  [90m3 |[0m [36mconst[0m path = require([32m'path'[0m);
  [90m4 |[0m [36mconst[0m util = require([32m'./util'[0m);
  [90m5 |[0m [36mconst[0m [33mSqliteError[0m = require([32m'./sqlite-error'[0m);



Import trace:
  Client Component Browser:
    ./node_modules/better-sqlite3/lib/database.js [Client Component Browser]
    ./node_modules/better-sqlite3/lib/index.js [Client Component Browser]
    ./src/lib/db.ts [Client Component Browser]
    ./src/lib/properties.ts [Client Component Browser]
    ./src/components/HomeContent.tsx [Client Component Browser]
    ./src/components/HomeContent.tsx [Server Component]
    ./src/app/page.tsx [Server Component]

https://nextjs.org/docs/messages/module-not-found


⨯ ./node_modules/better-sqlite3/lib/methods/backup.js:2:12
Error: Module not found: Can't resolve 'fs'
  [90m1 |[0m [32m'use strict'[0m;
[31m[1m>[0m [90m2 |[0m [36mconst[0m fs = require([32m'fs'[0m);
  [90m  |[0m            [31m[1m^^^^^^^^^^^^^[0m
  [90m3 |[0m [36mconst[0m path = require([32m'path'[0m);
  [90m4 |[0m [36mconst[0m { promisify } = require([32m'util'[0m);
  [90m5 |[0m [36mconst[0m { cppdb } = require([32m'../util'[0m);



Import trace:
  Client Component Browser:
    ./node_modules/better-sqlite3/lib/methods/backup.js [Client Component Browser]
    ./node_modules/better-sqlite3/lib/database.js [Client Component Browser]
    ./node_modules/better-sqlite3/lib/index.js [Client Component Browser]
    ./src/lib/db.ts [Client Component Browser]
    ./src/lib/properties.ts [Client Component Browser]
    ./src/components/HomeContent.tsx [Client Component Browser]
    ./src/components/HomeContent.tsx [Server Component]
    ./src/app/page.tsx [Server Component]

https://nextjs.org/docs/messages/module-not-found


⨯ ./node_modules/better-sqlite3/lib/binding.js:30:26
Error: Module not found: Can't resolve (<dynamic> | 'null')
  [90m28 |[0m 	[36mlet[0m filename = getPrebuildPath();
  [90m29 |[0m 	[36mif[0m (filename) {
[31m[1m>[0m [90m30 |[0m 		[36mreturn[0m [33mDEFAULT_ADDON[0m = require(filename);
  [90m   |[0m                        [31m[1m^^^^^^^^^^^^^^^^^[0m
  [90m31 |[0m 	}
  [90m32 |[0m
  [90m33 |[0m 	[90m// If no prebuilt binary was found, try the default node-gyp locations.[0m



Import trace:
  Client Component Browser:
    ./node_modules/better-sqlite3/lib/binding.js [Client Component Browser]
    ./node_modules/better-sqlite3/lib/index.js [Client Component Browser]
    ./src/lib/db.ts [Client Component Browser]
    ./src/lib/properties.ts [Client Component Browser]
    ./src/components/HomeContent.tsx [Client Component Browser]
    ./src/components/HomeContent.tsx [Server Component]
    ./src/app/page.tsx [Server Component]

https://nextjs.org/docs/messages/module-not-found


⨯ ./node_modules/better-sqlite3/lib/binding.js:38:25
Error: Module not found: Can't resolve (<dynamic> | 'null')
  [90m36 |[0m 		filename = path.join(__dirname, [32m'..'[0m, [32m'build'[0m, [32m'Release'[0m, [32m'better_sqlite3.node'[0m);
  [90m37 |[0m 	}
[31m[1m>[0m [90m38 |[0m 	[36mreturn[0m [33mDEFAULT_ADDON[0m = require(filename);
  [90m   |[0m                        [31m[1m^^^^^^^^^^^^^^^^^[0m
  [90m39 |[0m }
  [90m40 |[0m
  [90m41 |[0m [36mfunction[0m getPrebuildPath() {



Import trace:
  Client Component Browser:
    ./node_modules/better-sqlite3/lib/binding.js [Client Component Browser]
    ./node_modules/better-sqlite3/lib/index.js [Client Component Browser]
    ./src/lib/db.ts [Client Component Browser]
    ./src/lib/properties.ts [Client Component Browser]
    ./src/components/HomeContent.tsx [Client Component Browser]
    ./src/components/HomeContent.tsx [Server Component]
    ./src/app/page.tsx [Server Component]

https://nextjs.org/docs/messages/module-not-found


⨯ ./node_modules/better-sqlite3/lib/binding.js:2:12
Error: Module not found: Can't resolve 'fs'
  [90m1 |[0m [32m'use strict'[0m;
[31m[1m>[0m [90m2 |[0m [36mconst[0m fs = require([32m'fs'[0m);
  [90m  |[0m            [31m[1m^^^^^^^^^^^^^[0m
  [90m3 |[0m [36mconst[0m path = require([32m'path'[0m);
  [90m4 |[0m
  [90m5 |[0m [36mconst[0m [33mPREBUILD_PLATFORMS[0m = [[32m'linux'[0m, [32m'darwin'[0m, [32m'win32'[0m];



Import trace:
  Client Component Browser:
    ./node_modules/better-sqlite3/lib/binding.js [Client Component Browser]
    ./node_modules/better-sqlite3/lib/index.js [Client Component Browser]
    ./src/lib/db.ts [Client Component Browser]
    ./src/lib/properties.ts [Client Component Browser]
    ./src/components/HomeContent.tsx [Client Component Browser]
    ./src/components/HomeContent.tsx [Server Component]
    ./src/app/page.tsx [Server Component]

https://nextjs.org/docs/messages/module-not-found


⨯ ./node_modules/better-sqlite3/lib/database.js:2:12
Error: Module not found: Can't resolve 'fs'
  [90m1 |[0m [32m'use strict'[0m;
[31m[1m>[0m [90m2 |[0m [36mconst[0m fs = require([32m'fs'[0m);
  [90m  |[0m            [31m[1m^^^^^^^^^^^^^[0m
  [90m3 |[0m [36mconst[0m path = require([32m'path'[0m);
  [90m4 |[0m [36mconst[0m util = require([32m'./util'[0m);
  [90m5 |[0m [36mconst[0m [33mSqliteError[0m = require([32m'./sqlite-error'[0m);



Import trace:
  Client Component Browser:
    ./node_modules/better-sqlite3/lib/database.js [Client Component Browser]
    ./node_modules/better-sqlite3/lib/index.js [Client Component Browser]
    ./src/lib/db.ts [Client Component Browser]
    ./src/lib/properties.ts [Client Component Browser]
    ./src/components/HomeContent.tsx [Client Component Browser]
    ./src/components/HomeContent.tsx [Server Component]
    ./src/app/page.tsx [Server Component]

https://nextjs.org/docs/messages/module-not-found


⨯ ./node_modules/better-sqlite3/lib/methods/backup.js:2:12
Error: Module not found: Can't resolve 'fs'
  [90m1 |[0m [32m'use strict'[0m;
[31m[1m>[0m [90m2 |[0m [36mconst[0m fs = require([32m'fs'[0m);
  [90m  |[0m            [31m[1m^^^^^^^^^^^^^[0m
  [90m3 |[0m [36mconst[0m path = require([32m'path'[0m);
  [90m4 |[0m [36mconst[0m { promisify } = require([32m'util'[0m);
  [90m5 |[0m [36mconst[0m { cppdb } = require([32m'../util'[0m);



Import trace:
  Client Component Browser:
    ./node_modules/better-sqlite3/lib/methods/backup.js [Client Component Browser]
    ./node_modules/better-sqlite3/lib/database.js [Client Component Browser]
    ./node_modules/better-sqlite3/lib/index.js [Client Component Browser]
    ./src/lib/db.ts [Client Component Browser]
    ./src/lib/properties.ts [Client Component Browser]
    ./src/components/HomeContent.tsx [Client Component Browser]
    ./src/components/HomeContent.tsx [Server Component]
    ./src/app/page.tsx [Server Component]

https://nextjs.org/docs/messages/module-not-found


⨯ ./node_modules/better-sqlite3/lib/binding.js:30:26
Error: Module not found: Can't resolve (<dynamic> | 'null')
  [90m28 |[0m 	[36mlet[0m filename = getPrebuildPath();
  [90m29 |[0m 	[36mif[0m (filename) {
[31m[1m>[0m [90m30 |[0m 		[36mreturn[0m [33mDEFAULT_ADDON[0m = require(filename);
  [90m   |[0m                        [31m[1m^^^^^^^^^^^^^^^^^[0m
  [90m31 |[0m 	}
  [90m32 |[0m
  [90m33 |[0m 	[90m// If no prebuilt binary was found, try the default node-gyp locations.[0m



Import trace:
  Client Component Browser:
    ./node_modules/better-sqlite3/lib/binding.js [Client Component Browser]
    ./node_modules/better-sqlite3/lib/index.js [Client Component Browser]
    ./src/lib/db.ts [Client Component Browser]
    ./src/lib/properties.ts [Client Component Browser]
    ./src/components/HomeContent.tsx [Client Component Browser]
    ./src/components/HomeContent.tsx [Server Component]
    ./src/app/page.tsx [Server Component]

https://nextjs.org/docs/messages/module-not-found


⨯ ./node_modules/better-sqlite3/lib/binding.js:38:25
Error: Module not found: Can't resolve (<dynamic> | 'null')
  [90m36 |[0m 		filename = path.join(__dirname, [32m'..'[0m, [32m'build'[0m, [32m'Release'[0m, [32m'better_sqlite3.node'[0m);
  [90m37 |[0m 	}
[31m[1m>[0m [90m38 |[0m 	[36mreturn[0m [33mDEFAULT_ADDON[0m = require(filename);
  [90m   |[0m                        [31m[1m^^^^^^^^^^^^^^^^^[0m
  [90m39 |[0m }
  [90m40 |[0m
  [90m41 |[0m [36mfunction[0m getPrebuildPath() {



Import trace:
  Client Component Browser:
    ./node_modules/better-sqlite3/lib/binding.js [Client Component Browser]
    ./node_modules/better-sqlite3/lib/index.js [Client Component Browser]
    ./src/lib/db.ts [Client Component Browser]
    ./src/lib/properties.ts [Client Component Browser]
    ./src/components/HomeContent.tsx [Client Component Browser]
    ./src/components/HomeContent.tsx [Server Component]
    ./src/app/page.tsx [Server Component]

https://nextjs.org/docs/messages/module-not-found


[browser] ./node_modules/better-sqlite3/lib/binding.js:2:12
Error: Module not found: Can't resolve 'fs'
  1 | 'use strict';
> 2 | const fs = require('fs');
    |            ^^^^^^^^^^^^^
  3 | const path = require('path');
  4 |
  5 | const PREBUILD_PLATFORMS = ['linux', 'darwin', 'win32'];

Import trace:
  Client Component Browser:
    ./node_modules/better-sqlite3/lib/binding.js [Client Component Browser]
    ./node_modules/better-sqlite3/lib/index.js [Client Component Browser]
    ./src/lib/db.ts [Client Component Browser]
    ./src/lib/properties.ts [Client Component Browser]
    ./src/components/HomeContent.tsx [Client Component Browser]
    ./src/components/HomeContent.tsx [Server Component]
    ./src/app/page.tsx [Server Component]

https://nextjs.org/docs/messages/module-not-found 
[browser] ./node_modules/better-sqlite3/lib/database.js:2:12
Error: Module not found: Can't resolve 'fs'
  1 | 'use strict';
> 2 | const fs = require('fs');
    |            ^^^^^^^^^^^^^
  3 | const path = require('path');
  4 | const util = require('./util');
  5 | const SqliteError = require('./sqlite-error');

Import trace:
  Client Component Browser:
    ./node_modules/better-sqlite3/lib/database.js [Client Component Browser]
    ./node_modules/better-sqlite3/lib/index.js [Client Component Browser]
    ./src/lib/db.ts [Client Component Browser]
    ./src/lib/properties.ts [Client Component Browser]
    ./src/components/HomeContent.tsx [Client Component Browser]
    ./src/components/HomeContent.tsx [Server Component]
    ./src/app/page.tsx [Server Component]

https://nextjs.org/docs/messages/module-not-found 
[browser] ./node_modules/better-sqlite3/lib/methods/backup.js:2:12
Error: Module not found: Can't resolve 'fs'
  1 | 'use strict';
> 2 | const fs = require('fs');
    |            ^^^^^^^^^^^^^
  3 | const path = require('path');
  4 | const { promisify } = require('util');
  5 | const { cppdb } = require('../util');

Import trace:
  Client Component Browser:
    ./node_modules/better-sqlite3/lib/methods/backup.js [Client Component Browser]
    ./node_modules/better-sqlite3/lib/database.js [Client Component Browser]
    ./node_modules/better-sqlite3/lib/index.js [Client Component Browser]
    ./src/lib/db.ts [Client Component Browser]
    ./src/lib/properties.ts [Client Component Browser]
    ./src/components/HomeContent.tsx [Client Component Browser]
    ./src/components/HomeContent.tsx [Server Component]
    ./src/app/page.tsx [Server Component]

https://nextjs.org/docs/messages/module-not-found 
[browser] ./node_modules/better-sqlite3/lib/binding.js:38:25
Error: Module not found: Can't resolve (<dynamic> | 'null')
  36 | 		filename = path.join(__dirname, '..', 'build', 'Release', 'better_sqlite3.node');
  37 | 	}
> 38 | 	return DEFAULT_ADDON = require(filename);
     |                        ^^^^^^^^^^^^^^^^^
  39 | }
  40 |
  41 | function getPrebuildPath() {

Import trace:
  Client Component Browser:
    ./node_modules/better-sqlite3/lib/binding.js [Client Component Browser]
    ./node_modules/better-sqlite3/lib/index.js [Client Component Browser]
    ./src/lib/db.ts [Client Component Browser]
    ./src/lib/properties.ts [Client Component Browser]
    ./src/components/HomeContent.tsx [Client Component Browser]
    ./src/components/HomeContent.tsx [Server Component]
    ./src/app/page.tsx [Server Component]

https://nextjs.org/docs/messages/module-not-found 
[browser] ./src/components/HomeContent.tsx:14:1
Error: Export properties doesn't exist in target module
  12 | import Navbar from "@/components/Navbar";
  13 | import PropertyCard from "@/components/PropertyCard";
> 14 | import { properties } from "@/lib/properties";
     | ^^^^^^^^^^^^^^^^^^^^^^^^^^^^^^^^^^^^^^^^^^^^^^
  15 |
  16 | const Scene3D = dynamic(() => import("@/components/Scene3D"), {
  17 |   ssr: false,

The export properties was not found in module [project]/src/lib/properties.ts [app-client] (ecmascript).
Did you mean to import getAllProperties?
All exports of the module are statically known (It doesn't have dynamic exports). So it's known statically that the requested export doesn't exist.

Import trace:
  Server Component:
    ./src/components/HomeContent.tsx
    ./src/app/page.tsx 
[browser] ./src/components/HomeContent.tsx:14:1
Error: Export properties doesn't exist in target module
  12 | import Navbar from "@/components/Navbar";
  13 | import PropertyCard from "@/components/PropertyCard";
> 14 | import { properties } from "@/lib/properties";
     | ^^^^^^^^^^^^^^^^^^^^^^^^^^^^^^^^^^^^^^^^^^^^^^
  15 |
  16 | const Scene3D = dynamic(() => import("@/components/Scene3D"), {
  17 |   ssr: false,

The export properties was not found in module [project]/src/lib/properties.ts [app-ssr] (ecmascript).
Did you mean to import getAllProperties?
All exports of the module are statically known (It doesn't have dynamic exports). So it's known statically that the requested export doesn't exist.

Import trace:
  Server Component:
    ./src/components/HomeContent.tsx
    ./src/app/page.tsx 
[browser] ./node_modules/better-sqlite3/lib/binding.js:2:12
Error: Module not found: Can't resolve 'fs'
  1 | 'use strict';
> 2 | const fs = require('fs');
    |            ^^^^^^^^^^^^^
  3 | const path = require('path');
  4 |
  5 | const PREBUILD_PLATFORMS = ['linux', 'darwin', 'win32'];

Import trace:
  Client Component Browser:
    ./node_modules/better-sqlite3/lib/binding.js [Client Component Browser]
    ./node_modules/better-sqlite3/lib/index.js [Client Component Browser]
    ./src/lib/db.ts [Client Component Browser]
    ./src/lib/properties.ts [Client Component Browser]
    ./src/components/HomeContent.tsx [Client Component Browser]
    ./src/components/HomeContent.tsx [Server Component]
    ./src/app/page.tsx [Server Component]

https://nextjs.org/docs/messages/module-not-found 
[browser] ./node_modules/better-sqlite3/lib/database.js:2:12
Error: Module not found: Can't resolve 'fs'
  1 | 'use strict';
> 2 | const fs = require('fs');
    |            ^^^^^^^^^^^^^
  3 | const path = require('path');
  4 | const util = require('./util');
  5 | const SqliteError = require('./sqlite-error');

Import trace:
  Client Component Browser:
    ./node_modules/better-sqlite3/lib/database.js [Client Component Browser]
    ./node_modules/better-sqlite3/lib/index.js [Client Component Browser]
    ./src/lib/db.ts [Client Component Browser]
    ./src/lib/properties.ts [Client Component Browser]
    ./src/components/HomeContent.tsx [Client Component Browser]
    ./src/components/HomeContent.tsx [Server Component]
    ./src/app/page.tsx [Server Component]

https://nextjs.org/docs/messages/module-not-found 
[browser] ./node_modules/better-sqlite3/lib/methods/backup.js:2:12
Error: Module not found: Can't resolve 'fs'
  1 | 'use strict';
> 2 | const fs = require('fs');
    |            ^^^^^^^^^^^^^
  3 | const path = require('path');
  4 | const { promisify } = require('util');
  5 | const { cppdb } = require('../util');

Import trace:
  Client Component Browser:
    ./node_modules/better-sqlite3/lib/methods/backup.js [Client Component Browser]
    ./node_modules/better-sqlite3/lib/database.js [Client Component Browser]
    ./node_modules/better-sqlite3/lib/index.js [Client Component Browser]
    ./src/lib/db.ts [Client Component Browser]
    ./src/lib/properties.ts [Client Component Browser]
    ./src/components/HomeContent.tsx [Client Component Browser]
    ./src/components/HomeContent.tsx [Server Component]
    ./src/app/page.tsx [Server Component]

https://nextjs.org/docs/messages/module-not-found 
[browser] ./node_modules/better-sqlite3/lib/binding.js:38:25
Error: Module not found: Can't resolve (<dynamic> | 'null')
  36 | 		filename = path.join(__dirname, '..', 'build', 'Release', 'better_sqlite3.node');
  37 | 	}
> 38 | 	return DEFAULT_ADDON = require(filename);
     |                        ^^^^^^^^^^^^^^^^^
  39 | }
  40 |
  41 | function getPrebuildPath() {

Import trace:
  Client Component Browser:
    ./node_modules/better-sqlite3/lib/binding.js [Client Component Browser]
    ./node_modules/better-sqlite3/lib/index.js [Client Component Browser]
    ./src/lib/db.ts [Client Component Browser]
    ./src/lib/properties.ts [Client Component Browser]
    ./src/components/HomeContent.tsx [Client Component Browser]
    ./src/components/HomeContent.tsx [Server Component]
    ./src/app/page.tsx [Server Component]

https://nextjs.org/docs/messages/module-not-found 
[browser] ./src/components/HomeContent.tsx:14:1
Error: Export properties doesn't exist in target module
  12 | import Navbar from "@/components/Navbar";
  13 | import PropertyCard from "@/components/PropertyCard";
> 14 | import { properties } from "@/lib/properties";
     | ^^^^^^^^^^^^^^^^^^^^^^^^^^^^^^^^^^^^^^^^^^^^^^
  15 |
  16 | const Scene3D = dynamic(() => import("@/components/Scene3D"), {
  17 |   ssr: false,

The export properties was not found in module [project]/src/lib/properties.ts [app-client] (ecmascript).
Did you mean to import getAllProperties?
All exports of the module are statically known (It doesn't have dynamic exports). So it's known statically that the requested export doesn't exist.

Import trace:
  Server Component:
    ./src/components/HomeContent.tsx
    ./src/app/page.tsx 
[browser] ./src/components/HomeContent.tsx:14:1
Error: Export properties doesn't exist in target module
  12 | import Navbar from "@/components/Navbar";
  13 | import PropertyCard from "@/components/PropertyCard";
> 14 | import { properties } from "@/lib/properties";
     | ^^^^^^^^^^^^^^^^^^^^^^^^^^^^^^^^^^^^^^^^^^^^^^
  15 |
  16 | const Scene3D = dynamic(() => import("@/components/Scene3D"), {
  17 |   ssr: false,

The export properties was not found in module [project]/src/lib/properties.ts [app-ssr] (ecmascript).
Did you mean to import getAllProperties?
All exports of the module are statically known (It doesn't have dynamic exports). So it's known statically that the requested export doesn't exist.

Import trace:
  Server Component:
    ./src/components/HomeContent.tsx
    ./src/app/page.tsx 
[browser] ./src/app/properties/[id]/page.tsx:1:1
Error: Export properties doesn't exist in target module
> 1 | import { properties } from "@/lib/properties";
    | ^^^^^^^^^^^^^^^^^^^^^^^^^^^^^^^^^^^^^^^^^^^^^^
  2 | import PropertyDetailClient from "./PropertyDetailClient";
  3 | import { notFound } from "next/navigation";
  4 |

The export properties was not found in module [project]/src/lib/properties.ts [app-rsc] (ecmascript).
Did you mean to import getAllProperties?
All exports of the module are statically known (It doesn't have dynamic exports). So it's known statically that the requested export doesn't exist. 
[browser] ./node_modules/better-sqlite3/lib/binding.js:2:12
Error: Module not found: Can't resolve 'fs'
  1 | 'use strict';
> 2 | const fs = require('fs');
    |            ^^^^^^^^^^^^^
  3 | const path = require('path');
  4 |
  5 | const PREBUILD_PLATFORMS = ['linux', 'darwin', 'win32'];

Import trace:
  Client Component Browser:
    ./node_modules/better-sqlite3/lib/binding.js [Client Component Browser]
    ./node_modules/better-sqlite3/lib/index.js [Client Component Browser]
    ./src/lib/db.ts [Client Component Browser]
    ./src/lib/properties.ts [Client Component Browser]
    ./src/components/HomeContent.tsx [Client Component Browser]
    ./src/components/HomeContent.tsx [Server Component]
    ./src/app/page.tsx [Server Component]

https://nextjs.org/docs/messages/module-not-found 
[browser] ./node_modules/better-sqlite3/lib/database.js:2:12
Error: Module not found: Can't resolve 'fs'
  1 | 'use strict';
> 2 | const fs = require('fs');
    |            ^^^^^^^^^^^^^
  3 | const path = require('path');
  4 | const util = require('./util');
  5 | const SqliteError = require('./sqlite-error');

Import trace:
  Client Component Browser:
    ./node_modules/better-sqlite3/lib/database.js [Client Component Browser]
    ./node_modules/better-sqlite3/lib/index.js [Client Component Browser]
    ./src/lib/db.ts [Client Component Browser]
    ./src/lib/properties.ts [Client Component Browser]
    ./src/components/HomeContent.tsx [Client Component Browser]
    ./src/components/HomeContent.tsx [Server Component]
    ./src/app/page.tsx [Server Component]

https://nextjs.org/docs/messages/module-not-found 
[browser] ./node_modules/better-sqlite3/lib/methods/backup.js:2:12
Error: Module not found: Can't resolve 'fs'
  1 | 'use strict';
> 2 | const fs = require('fs');
    |            ^^^^^^^^^^^^^
  3 | const path = require('path');
  4 | const { promisify } = require('util');
  5 | const { cppdb } = require('../util');

Import trace:
  Client Component Browser:
    ./node_modules/better-sqlite3/lib/methods/backup.js [Client Component Browser]
    ./node_modules/better-sqlite3/lib/database.js [Client Component Browser]
    ./node_modules/better-sqlite3/lib/index.js [Client Component Browser]
    ./src/lib/db.ts [Client Component Browser]
    ./src/lib/properties.ts [Client Component Browser]
    ./src/components/HomeContent.tsx [Client Component Browser]
    ./src/components/HomeContent.tsx [Server Component]
    ./src/app/page.tsx [Server Component]

https://nextjs.org/docs/messages/module-not-found 
[browser] ./node_modules/better-sqlite3/lib/binding.js:38:25
Error: Module not found: Can't resolve (<dynamic> | 'null')
  36 | 		filename = path.join(__dirname, '..', 'build', 'Release', 'better_sqlite3.node');
  37 | 	}
> 38 | 	return DEFAULT_ADDON = require(filename);
     |                        ^^^^^^^^^^^^^^^^^
  39 | }
  40 |
  41 | function getPrebuildPath() {

Import trace:
  Client Component Browser:
    ./node_modules/better-sqlite3/lib/binding.js [Client Component Browser]
    ./node_modules/better-sqlite3/lib/index.js [Client Component Browser]
    ./src/lib/db.ts [Client Component Browser]
    ./src/lib/properties.ts [Client Component Browser]
    ./src/components/HomeContent.tsx [Client Component Browser]
    ./src/components/HomeContent.tsx [Server Component]
    ./src/app/page.tsx [Server Component]

https://nextjs.org/docs/messages/module-not-found 
[browser] ./src/components/HomeContent.tsx:14:1
Error: Export properties doesn't exist in target module
  12 | import Navbar from "@/components/Navbar";
  13 | import PropertyCard from "@/components/PropertyCard";
> 14 | import { properties } from "@/lib/properties";
     | ^^^^^^^^^^^^^^^^^^^^^^^^^^^^^^^^^^^^^^^^^^^^^^
  15 |
  16 | const Scene3D = dynamic(() => import("@/components/Scene3D"), {
  17 |   ssr: false,

The export properties was not found in module [project]/src/lib/properties.ts [app-client] (ecmascript).
Did you mean to import getAllProperties?
All exports of the module are statically known (It doesn't have dynamic exports). So it's known statically that the requested export doesn't exist.

Import trace:
  Server Component:
    ./src/components/HomeContent.tsx
    ./src/app/page.tsx 
[browser] ./src/components/HomeContent.tsx:14:1
Error: Export properties doesn't exist in target module
  12 | import Navbar from "@/components/Navbar";
  13 | import PropertyCard from "@/components/PropertyCard";
> 14 | import { properties } from "@/lib/properties";
     | ^^^^^^^^^^^^^^^^^^^^^^^^^^^^^^^^^^^^^^^^^^^^^^
  15 |
  16 | const Scene3D = dynamic(() => import("@/components/Scene3D"), {
  17 |   ssr: false,

The export properties was not found in module [project]/src/lib/properties.ts [app-ssr] (ecmascript).
Did you mean to import getAllProperties?
All exports of the module are statically known (It doesn't have dynamic exports). So it's known statically that the requested export doesn't exist.

Import trace:
  Server Component:
    ./src/components/HomeContent.tsx
    ./src/app/page.tsx 
[browser] ./src/app/properties/[id]/page.tsx:1:1
Error: Export properties doesn't exist in target module
> 1 | import { properties } from "@/lib/properties";
    | ^^^^^^^^^^^^^^^^^^^^^^^^^^^^^^^^^^^^^^^^^^^^^^
  2 | import PropertyDetailClient from "./PropertyDetailClient";
  3 | import { notFound } from "next/navigation";
  4 |

The export properties was not found in module [project]/src/lib/properties.ts [app-rsc] (ecmascript).
Did you mean to import getAllProperties?
All exports of the module are statically known (It doesn't have dynamic exports). So it's known statically that the requested export doesn't exist. 
[browser] ./node_modules/better-sqlite3/lib/binding.js:2:12
Error: Module not found: Can't resolve 'fs'
  1 | 'use strict';
> 2 | const fs = require('fs');
    |            ^^^^^^^^^^^^^
  3 | const path = require('path');
  4 |
  5 | const PREBUILD_PLATFORMS = ['linux', 'darwin', 'win32'];

Import trace:
  Client Component Browser:
    ./node_modules/better-sqlite3/lib/binding.js [Client Component Browser]
    ./node_modules/better-sqlite3/lib/index.js [Client Component Browser]
    ./src/lib/db.ts [Client Component Browser]
    ./src/lib/properties.ts [Client Component Browser]
    ./src/components/HomeContent.tsx [Client Component Browser]
    ./src/components/HomeContent.tsx [Server Component]
    ./src/app/page.tsx [Server Component]

https://nextjs.org/docs/messages/module-not-found 
[browser] ./node_modules/better-sqlite3/lib/database.js:2:12
Error: Module not found: Can't resolve 'fs'
  1 | 'use strict';
> 2 | const fs = require('fs');
    |            ^^^^^^^^^^^^^
  3 | const path = require('path');
  4 | const util = require('./util');
  5 | const SqliteError = require('./sqlite-error');

Import trace:
  Client Component Browser:
    ./node_modules/better-sqlite3/lib/database.js [Client Component Browser]
    ./node_modules/better-sqlite3/lib/index.js [Client Component Browser]
    ./src/lib/db.ts [Client Component Browser]
    ./src/lib/properties.ts [Client Component Browser]
    ./src/components/HomeContent.tsx [Client Component Browser]
    ./src/components/HomeContent.tsx [Server Component]
    ./src/app/page.tsx [Server Component]

https://nextjs.org/docs/messages/module-not-found 
[browser] ./node_modules/better-sqlite3/lib/methods/backup.js:2:12
Error: Module not found: Can't resolve 'fs'
  1 | 'use strict';
> 2 | const fs = require('fs');
    |            ^^^^^^^^^^^^^
  3 | const path = require('path');
  4 | const { promisify } = require('util');
  5 | const { cppdb } = require('../util');

Import trace:
  Client Component Browser:
    ./node_modules/better-sqlite3/lib/methods/backup.js [Client Component Browser]
    ./node_modules/better-sqlite3/lib/database.js [Client Component Browser]
    ./node_modules/better-sqlite3/lib/index.js [Client Component Browser]
    ./src/lib/db.ts [Client Component Browser]
    ./src/lib/properties.ts [Client Component Browser]
    ./src/components/HomeContent.tsx [Client Component Browser]
    ./src/components/HomeContent.tsx [Server Component]
    ./src/app/page.tsx [Server Component]

https://nextjs.org/docs/messages/module-not-found 
[browser] ./node_modules/better-sqlite3/lib/binding.js:38:25
Error: Module not found: Can't resolve (<dynamic> | 'null')
  36 | 		filename = path.join(__dirname, '..', 'build', 'Release', 'better_sqlite3.node');
  37 | 	}
> 38 | 	return DEFAULT_ADDON = require(filename);
     |                        ^^^^^^^^^^^^^^^^^
  39 | }
  40 |
  41 | function getPrebuildPath() {

Import trace:
  Client Component Browser:
    ./node_modules/better-sqlite3/lib/binding.js [Client Component Browser]
    ./node_modules/better-sqlite3/lib/index.js [Client Component Browser]
    ./src/lib/db.ts [Client Component Browser]
    ./src/lib/properties.ts [Client Component Browser]
    ./src/components/HomeContent.tsx [Client Component Browser]
    ./src/components/HomeContent.tsx [Server Component]
    ./src/app/page.tsx [Server Component]

https://nextjs.org/docs/messages/module-not-found 
[browser] ./src/components/HomeContent.tsx:14:1
Error: Export properties doesn't exist in target module
  12 | import Navbar from "@/components/Navbar";
  13 | import PropertyCard from "@/components/PropertyCard";
> 14 | import { properties } from "@/lib/properties";
     | ^^^^^^^^^^^^^^^^^^^^^^^^^^^^^^^^^^^^^^^^^^^^^^
  15 |
  16 | const Scene3D = dynamic(() => import("@/components/Scene3D"), {
  17 |   ssr: false,

The export properties was not found in module [project]/src/lib/properties.ts [app-client] (ecmascript).
Did you mean to import getAllProperties?
All exports of the module are statically known (It doesn't have dynamic exports). So it's known statically that the requested export doesn't exist.

Import trace:
  Server Component:
    ./src/components/HomeContent.tsx
    ./src/app/page.tsx 
[browser] ./src/components/HomeContent.tsx:14:1
Error: Export properties doesn't exist in target module
  12 | import Navbar from "@/components/Navbar";
  13 | import PropertyCard from "@/components/PropertyCard";
> 14 | import { properties } from "@/lib/properties";
     | ^^^^^^^^^^^^^^^^^^^^^^^^^^^^^^^^^^^^^^^^^^^^^^
  15 |
  16 | const Scene3D = dynamic(() => import("@/components/Scene3D"), {
  17 |   ssr: false,

The export properties was not found in module [project]/src/lib/properties.ts [app-ssr] (ecmascript).
Did you mean to import getAllProperties?
All exports of the module are statically known (It doesn't have dynamic exports). So it's known statically that the requested export doesn't exist.

Import trace:
  Server Component:
    ./src/components/HomeContent.tsx
    ./src/app/page.tsx 
[browser] ./node_modules/better-sqlite3/lib/binding.js:2:12
Error: Module not found: Can't resolve 'fs'
  1 | 'use strict';
> 2 | const fs = require('fs');
    |            ^^^^^^^^^^^^^
  3 | const path = require('path');
  4 |
  5 | const PREBUILD_PLATFORMS = ['linux', 'darwin', 'win32'];

Import trace:
  Client Component Browser:
    ./node_modules/better-sqlite3/lib/binding.js [Client Component Browser]
    ./node_modules/better-sqlite3/lib/index.js [Client Component Browser]
    ./src/lib/db.ts [Client Component Browser]
    ./src/lib/properties.ts [Client Component Browser]
    ./src/components/HomeContent.tsx [Client Component Browser]
    ./src/components/HomeContent.tsx [Server Component]
    ./src/app/page.tsx [Server Component]

https://nextjs.org/docs/messages/module-not-found 
[browser] ./node_modules/better-sqlite3/lib/database.js:2:12
Error: Module not found: Can't resolve 'fs'
  1 | 'use strict';
> 2 | const fs = require('fs');
    |            ^^^^^^^^^^^^^
  3 | const path = require('path');
  4 | const util = require('./util');
  5 | const SqliteError = require('./sqlite-error');

Import trace:
  Client Component Browser:
    ./node_modules/better-sqlite3/lib/database.js [Client Component Browser]
    ./node_modules/better-sqlite3/lib/index.js [Client Component Browser]
    ./src/lib/db.ts [Client Component Browser]
    ./src/lib/properties.ts [Client Component Browser]
    ./src/components/HomeContent.tsx [Client Component Browser]
    ./src/components/HomeContent.tsx [Server Component]
    ./src/app/page.tsx [Server Component]

https://nextjs.org/docs/messages/module-not-found 
[browser] ./node_modules/better-sqlite3/lib/methods/backup.js:2:12
Error: Module not found: Can't resolve 'fs'
  1 | 'use strict';
> 2 | const fs = require('fs');
    |            ^^^^^^^^^^^^^
  3 | const path = require('path');
  4 | const { promisify } = require('util');
  5 | const { cppdb } = require('../util');

Import trace:
  Client Component Browser:
    ./node_modules/better-sqlite3/lib/methods/backup.js [Client Component Browser]
    ./node_modules/better-sqlite3/lib/database.js [Client Component Browser]
    ./node_modules/better-sqlite3/lib/index.js [Client Component Browser]
    ./src/lib/db.ts [Client Component Browser]
    ./src/lib/properties.ts [Client Component Browser]
    ./src/components/HomeContent.tsx [Client Component Browser]
    ./src/components/HomeContent.tsx [Server Component]
    ./src/app/page.tsx [Server Component]

https://nextjs.org/docs/messages/module-not-found 
[browser] ./node_modules/better-sqlite3/lib/binding.js:38:25
Error: Module not found: Can't resolve (<dynamic> | 'null')
  36 | 		filename = path.join(__dirname, '..', 'build', 'Release', 'better_sqlite3.node');
  37 | 	}
> 38 | 	return DEFAULT_ADDON = require(filename);
     |                        ^^^^^^^^^^^^^^^^^
  39 | }
  40 |
  41 | function getPrebuildPath() {

Import trace:
  Client Component Browser:
    ./node_modules/better-sqlite3/lib/binding.js [Client Component Browser]
    ./node_modules/better-sqlite3/lib/index.js [Client Component Browser]
    ./src/lib/db.ts [Client Component Browser]
    ./src/lib/properties.ts [Client Component Browser]
    ./src/components/HomeContent.tsx [Client Component Browser]
    ./src/components/HomeContent.tsx [Server Component]
    ./src/app/page.tsx [Server Component]

https://nextjs.org/docs/messages/module-not-found 
[browser] ./src/components/HomeContent.tsx:14:1
Error: Export properties doesn't exist in target module
  12 | import Navbar from "@/components/Navbar";
  13 | import PropertyCard from "@/components/PropertyCard";
> 14 | import { properties } from "@/lib/properties";
     | ^^^^^^^^^^^^^^^^^^^^^^^^^^^^^^^^^^^^^^^^^^^^^^
  15 |
  16 | const Scene3D = dynamic(() => import("@/components/Scene3D"), {
  17 |   ssr: false,

The export properties was not found in module [project]/src/lib/properties.ts [app-client] (ecmascript).
Did you mean to import getAllProperties?
All exports of the module are statically known (It doesn't have dynamic exports). So it's known statically that the requested export doesn't exist.

Import trace:
  Server Component:
    ./src/components/HomeContent.tsx
    ./src/app/page.tsx 
[browser] ./src/components/HomeContent.tsx:14:1
Error: Export properties doesn't exist in target module
  12 | import Navbar from "@/components/Navbar";
  13 | import PropertyCard from "@/components/PropertyCard";
> 14 | import { properties } from "@/lib/properties";
     | ^^^^^^^^^^^^^^^^^^^^^^^^^^^^^^^^^^^^^^^^^^^^^^
  15 |
  16 | const Scene3D = dynamic(() => import("@/components/Scene3D"), {
  17 |   ssr: false,

The export properties was not found in module [project]/src/lib/properties.ts [app-ssr] (ecmascript).
Did you mean to import getAllProperties?
All exports of the module are statically known (It doesn't have dynamic exports). So it's known statically that the requested export doesn't exist.

Import trace:
  Server Component:
    ./src/components/HomeContent.tsx
    ./src/app/page.tsx 
[browser] ./node_modules/better-sqlite3/lib/binding.js:2:12
Error: Module not found: Can't resolve 'fs'
  1 | 'use strict';
> 2 | const fs = require('fs');
    |            ^^^^^^^^^^^^^
  3 | const path = require('path');
  4 |
  5 | const PREBUILD_PLATFORMS = ['linux', 'darwin', 'win32'];

Import trace:
  Client Component Browser:
    ./node_modules/better-sqlite3/lib/binding.js [Client Component Browser]
    ./node_modules/better-sqlite3/lib/index.js [Client Component Browser]
    ./src/lib/db.ts [Client Component Browser]
    ./src/lib/properties.ts [Client Component Browser]
    ./src/components/HomeContent.tsx [Client Component Browser]
    ./src/components/HomeContent.tsx [Server Component]
    ./src/app/page.tsx [Server Component]

https://nextjs.org/docs/messages/module-not-found 
[browser] ./node_modules/better-sqlite3/lib/database.js:2:12
Error: Module not found: Can't resolve 'fs'
  1 | 'use strict';
> 2 | const fs = require('fs');
    |            ^^^^^^^^^^^^^
  3 | const path = require('path');
  4 | const util = require('./util');
  5 | const SqliteError = require('./sqlite-error');

Import trace:
  Client Component Browser:
    ./node_modules/better-sqlite3/lib/database.js [Client Component Browser]
    ./node_modules/better-sqlite3/lib/index.js [Client Component Browser]
    ./src/lib/db.ts [Client Component Browser]
    ./src/lib/properties.ts [Client Component Browser]
    ./src/components/HomeContent.tsx [Client Component Browser]
    ./src/components/HomeContent.tsx [Server Component]
    ./src/app/page.tsx [Server Component]

https://nextjs.org/docs/messages/module-not-found 
[browser] ./node_modules/better-sqlite3/lib/methods/backup.js:2:12
Error: Module not found: Can't resolve 'fs'
  1 | 'use strict';
> 2 | const fs = require('fs');
    |            ^^^^^^^^^^^^^
  3 | const path = require('path');
  4 | const { promisify } = require('util');
  5 | const { cppdb } = require('../util');

Import trace:
  Client Component Browser:
    ./node_modules/better-sqlite3/lib/methods/backup.js [Client Component Browser]
    ./node_modules/better-sqlite3/lib/database.js [Client Component Browser]
    ./node_modules/better-sqlite3/lib/index.js [Client Component Browser]
    ./src/lib/db.ts [Client Component Browser]
    ./src/lib/properties.ts [Client Component Browser]
    ./src/components/HomeContent.tsx [Client Component Browser]
    ./src/components/HomeContent.tsx [Server Component]
    ./src/app/page.tsx [Server Component]

https://nextjs.org/docs/messages/module-not-found 
[browser] ./node_modules/better-sqlite3/lib/binding.js:38:25
Error: Module not found: Can't resolve (<dynamic> | 'null')
  36 | 		filename = path.join(__dirname, '..', 'build', 'Release', 'better_sqlite3.node');
  37 | 	}
> 38 | 	return DEFAULT_ADDON = require(filename);
     |                        ^^^^^^^^^^^^^^^^^
  39 | }
  40 |
  41 | function getPrebuildPath() {

Import trace:
  Client Component Browser:
    ./node_modules/better-sqlite3/lib/binding.js [Client Component Browser]
    ./node_modules/better-sqlite3/lib/index.js [Client Component Browser]
    ./src/lib/db.ts [Client Component Browser]
    ./src/lib/properties.ts [Client Component Browser]
    ./src/components/HomeContent.tsx [Client Component Browser]
    ./src/components/HomeContent.tsx [Server Component]
    ./src/app/page.tsx [Server Component]

https://nextjs.org/docs/messages/module-not-found 
[browser] ./src/components/HomeContent.tsx:14:1
Error: Export properties doesn't exist in target module
  12 | import Navbar from "@/components/Navbar";
  13 | import PropertyCard from "@/components/PropertyCard";
> 14 | import { properties } from "@/lib/properties";
     | ^^^^^^^^^^^^^^^^^^^^^^^^^^^^^^^^^^^^^^^^^^^^^^
  15 |
  16 | const Scene3D = dynamic(() => import("@/components/Scene3D"), {
  17 |   ssr: false,

The export properties was not found in module [project]/src/lib/properties.ts [app-client] (ecmascript).
Did you mean to import getAllProperties?
All exports of the module are statically known (It doesn't have dynamic exports). So it's known statically that the requested export doesn't exist.

Import trace:
  Server Component:
    ./src/components/HomeContent.tsx
    ./src/app/page.tsx 
[browser] ./src/components/HomeContent.tsx:14:1
Error: Export properties doesn't exist in target module
  12 | import Navbar from "@/components/Navbar";
  13 | import PropertyCard from "@/components/PropertyCard";
> 14 | import { properties } from "@/lib/properties";
     | ^^^^^^^^^^^^^^^^^^^^^^^^^^^^^^^^^^^^^^^^^^^^^^
  15 |
  16 | const Scene3D = dynamic(() => import("@/components/Scene3D"), {
  17 |   ssr: false,

The export properties was not found in module [project]/src/lib/properties.ts [app-ssr] (ecmascript).
Did you mean to import getAllProperties?
All exports of the module are statically known (It doesn't have dynamic exports). So it's known statically that the requested export doesn't exist.

Import trace:
  Server Component:
    ./src/components/HomeContent.tsx
    ./src/app/page.tsx 
[browser] ./node_modules/better-sqlite3/lib/binding.js:2:12
Error: Module not found: Can't resolve 'fs'
  1 | 'use strict';
> 2 | const fs = require('fs');
    |            ^^^^^^^^^^^^^
  3 | const path = require('path');
  4 |
  5 | const PREBUILD_PLATFORMS = ['linux', 'darwin', 'win32'];

Import trace:
  Client Component Browser:
    ./node_modules/better-sqlite3/lib/binding.js [Client Component Browser]
    ./node_modules/better-sqlite3/lib/index.js [Client Component Browser]
    ./src/lib/db.ts [Client Component Browser]
    ./src/lib/properties.ts [Client Component Browser]
    ./src/components/HomeContent.tsx [Client Component Browser]
    ./src/components/HomeContent.tsx [Server Component]
    ./src/app/page.tsx [Server Component]

https://nextjs.org/docs/messages/module-not-found 
[browser] ./node_modules/better-sqlite3/lib/database.js:2:12
Error: Module not found: Can't resolve 'fs'
  1 | 'use strict';
> 2 | const fs = require('fs');
    |            ^^^^^^^^^^^^^
  3 | const path = require('path');
  4 | const util = require('./util');
  5 | const SqliteError = require('./sqlite-error');

Import trace:
  Client Component Browser:
    ./node_modules/better-sqlite3/lib/database.js [Client Component Browser]
    ./node_modules/better-sqlite3/lib/index.js [Client Component Browser]
    ./src/lib/db.ts [Client Component Browser]
    ./src/lib/properties.ts [Client Component Browser]
    ./src/components/HomeContent.tsx [Client Component Browser]
    ./src/components/HomeContent.tsx [Server Component]
    ./src/app/page.tsx [Server Component]

https://nextjs.org/docs/messages/module-not-found 
[browser] ./node_modules/better-sqlite3/lib/methods/backup.js:2:12
Error: Module not found: Can't resolve 'fs'
  1 | 'use strict';
> 2 | const fs = require('fs');
    |            ^^^^^^^^^^^^^
  3 | const path = require('path');
  4 | const { promisify } = require('util');
  5 | const { cppdb } = require('../util');

Import trace:
  Client Component Browser:
    ./node_modules/better-sqlite3/lib/methods/backup.js [Client Component Browser]
    ./node_modules/better-sqlite3/lib/database.js [Client Component Browser]
    ./node_modules/better-sqlite3/lib/index.js [Client Component Browser]
    ./src/lib/db.ts [Client Component Browser]
    ./src/lib/properties.ts [Client Component Browser]
    ./src/components/HomeContent.tsx [Client Component Browser]
    ./src/components/HomeContent.tsx [Server Component]
    ./src/app/page.tsx [Server Component]

https://nextjs.org/docs/messages/module-not-found 
[browser] ./node_modules/better-sqlite3/lib/binding.js:38:25
Error: Module not found: Can't resolve (<dynamic> | 'null')
  36 | 		filename = path.join(__dirname, '..', 'build', 'Release', 'better_sqlite3.node');
  37 | 	}
> 38 | 	return DEFAULT_ADDON = require(filename);
     |                        ^^^^^^^^^^^^^^^^^
  39 | }
  40 |
  41 | function getPrebuildPath() {

Import trace:
  Client Component Browser:
    ./node_modules/better-sqlite3/lib/binding.js [Client Component Browser]
    ./node_modules/better-sqlite3/lib/index.js [Client Component Browser]
    ./src/lib/db.ts [Client Component Browser]
    ./src/lib/properties.ts [Client Component Browser]
    ./src/components/HomeContent.tsx [Client Component Browser]
    ./src/components/HomeContent.tsx [Server Component]
    ./src/app/page.tsx [Server Component]

https://nextjs.org/docs/messages/module-not-found 
[browser] ./src/components/HomeContent.tsx:14:1
Error: Export properties doesn't exist in target module
  12 | import Navbar from "@/components/Navbar";
  13 | import PropertyCard from "@/components/PropertyCard";
> 14 | import { properties } from "@/lib/properties";
     | ^^^^^^^^^^^^^^^^^^^^^^^^^^^^^^^^^^^^^^^^^^^^^^
  15 |
  16 | const Scene3D = dynamic(() => import("@/components/Scene3D"), {
  17 |   ssr: false,

The export properties was not found in module [project]/src/lib/properties.ts [app-client] (ecmascript).
Did you mean to import getAllProperties?
All exports of the module are statically known (It doesn't have dynamic exports). So it's known statically that the requested export doesn't exist.

Import trace:
  Server Component:
    ./src/components/HomeContent.tsx
    ./src/app/page.tsx 
[browser] ./src/components/HomeContent.tsx:14:1
Error: Export properties doesn't exist in target module
  12 | import Navbar from "@/components/Navbar";
  13 | import PropertyCard from "@/components/PropertyCard";
> 14 | import { properties } from "@/lib/properties";
     | ^^^^^^^^^^^^^^^^^^^^^^^^^^^^^^^^^^^^^^^^^^^^^^
  15 |
  16 | const Scene3D = dynamic(() => import("@/components/Scene3D"), {
  17 |   ssr: false,

The export properties was not found in module [project]/src/lib/properties.ts [app-ssr] (ecmascript).
Did you mean to import getAllProperties?
All exports of the module are statically known (It doesn't have dynamic exports). So it's known statically that the requested export doesn't exist.

Import trace:
  Server Component:
    ./src/components/HomeContent.tsx
    ./src/app/page.tsx 
[browser] ./node_modules/better-sqlite3/lib/binding.js:2:12
Error: Module not found: Can't resolve 'fs'
  1 | 'use strict';
> 2 | const fs = require('fs');
    |            ^^^^^^^^^^^^^
  3 | const path = require('path');
  4 |
  5 | const PREBUILD_PLATFORMS = ['linux', 'darwin', 'win32'];

Import trace:
  Client Component Browser:
    ./node_modules/better-sqlite3/lib/binding.js [Client Component Browser]
    ./node_modules/better-sqlite3/lib/index.js [Client Component Browser]
    ./src/lib/db.ts [Client Component Browser]
    ./src/lib/properties.ts [Client Component Browser]
    ./src/components/HomeContent.tsx [Client Component Browser]
    ./src/components/HomeContent.tsx [Server Component]
    ./src/app/page.tsx [Server Component]

https://nextjs.org/docs/messages/module-not-found 
[browser] ./node_modules/better-sqlite3/lib/database.js:2:12
Error: Module not found: Can't resolve 'fs'
  1 | 'use strict';
> 2 | const fs = require('fs');
    |            ^^^^^^^^^^^^^
  3 | const path = require('path');
  4 | const util = require('./util');
  5 | const SqliteError = require('./sqlite-error');

Import trace:
  Client Component Browser:
    ./node_modules/better-sqlite3/lib/database.js [Client Component Browser]
    ./node_modules/better-sqlite3/lib/index.js [Client Component Browser]
    ./src/lib/db.ts [Client Component Browser]
    ./src/lib/properties.ts [Client Component Browser]
    ./src/components/HomeContent.tsx [Client Component Browser]
    ./src/components/HomeContent.tsx [Server Component]
    ./src/app/page.tsx [Server Component]

https://nextjs.org/docs/messages/module-not-found 
[browser] ./node_modules/better-sqlite3/lib/methods/backup.js:2:12
Error: Module not found: Can't resolve 'fs'
  1 | 'use strict';
> 2 | const fs = require('fs');
    |            ^^^^^^^^^^^^^
  3 | const path = require('path');
  4 | const { promisify } = require('util');
  5 | const { cppdb } = require('../util');

Import trace:
  Client Component Browser:
    ./node_modules/better-sqlite3/lib/methods/backup.js [Client Component Browser]
    ./node_modules/better-sqlite3/lib/database.js [Client Component Browser]
    ./node_modules/better-sqlite3/lib/index.js [Client Component Browser]
    ./src/lib/db.ts [Client Component Browser]
    ./src/lib/properties.ts [Client Component Browser]
    ./src/components/HomeContent.tsx [Client Component Browser]
    ./src/components/HomeContent.tsx [Server Component]
    ./src/app/page.tsx [Server Component]

https://nextjs.org/docs/messages/module-not-found 
[browser] ./node_modules/better-sqlite3/lib/binding.js:38:25
Error: Module not found: Can't resolve (<dynamic> | 'null')
  36 | 		filename = path.join(__dirname, '..', 'build', 'Release', 'better_sqlite3.node');
  37 | 	}
> 38 | 	return DEFAULT_ADDON = require(filename);
     |                        ^^^^^^^^^^^^^^^^^
  39 | }
  40 |
  41 | function getPrebuildPath() {

Import trace:
  Client Component Browser:
    ./node_modules/better-sqlite3/lib/binding.js [Client Component Browser]
    ./node_modules/better-sqlite3/lib/index.js [Client Component Browser]
    ./src/lib/db.ts [Client Component Browser]
    ./src/lib/properties.ts [Client Component Browser]
    ./src/components/HomeContent.tsx [Client Component Browser]
    ./src/components/HomeContent.tsx [Server Component]
    ./src/app/page.tsx [Server Component]

https://nextjs.org/docs/messages/module-not-found 
[browser] ./src/components/HomeContent.tsx:14:1
Error: Export properties doesn't exist in target module
  12 | import Navbar from "@/components/Navbar";
  13 | import PropertyCard from "@/components/PropertyCard";
> 14 | import { properties } from "@/lib/properties";
     | ^^^^^^^^^^^^^^^^^^^^^^^^^^^^^^^^^^^^^^^^^^^^^^
  15 |
  16 | const Scene3D = dynamic(() => import("@/components/Scene3D"), {
  17 |   ssr: false,

The export properties was not found in module [project]/src/lib/properties.ts [app-client] (ecmascript).
Did you mean to import getAllProperties?
All exports of the module are statically known (It doesn't have dynamic exports). So it's known statically that the requested export doesn't exist.

Import trace:
  Server Component:
    ./src/components/HomeContent.tsx
    ./src/app/page.tsx 
[browser] ./src/components/HomeContent.tsx:14:1
Error: Export properties doesn't exist in target module
  12 | import Navbar from "@/components/Navbar";
  13 | import PropertyCard from "@/components/PropertyCard";
> 14 | import { properties } from "@/lib/properties";
     | ^^^^^^^^^^^^^^^^^^^^^^^^^^^^^^^^^^^^^^^^^^^^^^
  15 |
  16 | const Scene3D = dynamic(() => import("@/components/Scene3D"), {
  17 |   ssr: false,

The export properties was not found in module [project]/src/lib/properties.ts [app-ssr] (ecmascript).
Did you mean to import getAllProperties?
All exports of the module are statically known (It doesn't have dynamic exports). So it's known statically that the requested export doesn't exist.

Import trace:
  Server Component:
    ./src/components/HomeContent.tsx
    ./src/app/page.tsx 
[browser] ./node_modules/better-sqlite3/lib/binding.js:2:12
Error: Module not found: Can't resolve 'fs'
  1 | 'use strict';
> 2 | const fs = require('fs');
    |            ^^^^^^^^^^^^^
  3 | const path = require('path');
  4 |
  5 | const PREBUILD_PLATFORMS = ['linux', 'darwin', 'win32'];

Import trace:
  Client Component Browser:
    ./node_modules/better-sqlite3/lib/binding.js [Client Component Browser]
    ./node_modules/better-sqlite3/lib/index.js [Client Component Browser]
    ./src/lib/db.ts [Client Component Browser]
    ./src/lib/properties.ts [Client Component Browser]
    ./src/components/HomeContent.tsx [Client Component Browser]
    ./src/components/HomeContent.tsx [Server Component]
    ./src/app/page.tsx [Server Component]

https://nextjs.org/docs/messages/module-not-found 
[browser] ./node_modules/better-sqlite3/lib/database.js:2:12
Error: Module not found: Can't resolve 'fs'
  1 | 'use strict';
> 2 | const fs = require('fs');
    |            ^^^^^^^^^^^^^
  3 | const path = require('path');
  4 | const util = require('./util');
  5 | const SqliteError = require('./sqlite-error');

Import trace:
  Client Component Browser:
    ./node_modules/better-sqlite3/lib/database.js [Client Component Browser]
    ./node_modules/better-sqlite3/lib/index.js [Client Component Browser]
    ./src/lib/db.ts [Client Component Browser]
    ./src/lib/properties.ts [Client Component Browser]
    ./src/components/HomeContent.tsx [Client Component Browser]
    ./src/components/HomeContent.tsx [Server Component]
    ./src/app/page.tsx [Server Component]

https://nextjs.org/docs/messages/module-not-found 
[browser] ./node_modules/better-sqlite3/lib/methods/backup.js:2:12
Error: Module not found: Can't resolve 'fs'
  1 | 'use strict';
> 2 | const fs = require('fs');
    |            ^^^^^^^^^^^^^
  3 | const path = require('path');
  4 | const { promisify } = require('util');
  5 | const { cppdb } = require('../util');

Import trace:
  Client Component Browser:
    ./node_modules/better-sqlite3/lib/methods/backup.js [Client Component Browser]
    ./node_modules/better-sqlite3/lib/database.js [Client Component Browser]
    ./node_modules/better-sqlite3/lib/index.js [Client Component Browser]
    ./src/lib/db.ts [Client Component Browser]
    ./src/lib/properties.ts [Client Component Browser]
    ./src/components/HomeContent.tsx [Client Component Browser]
    ./src/components/HomeContent.tsx [Server Component]
    ./src/app/page.tsx [Server Component]

https://nextjs.org/docs/messages/module-not-found 
[browser] ./node_modules/better-sqlite3/lib/binding.js:38:25
Error: Module not found: Can't resolve (<dynamic> | 'null')
  36 | 		filename = path.join(__dirname, '..', 'build', 'Release', 'better_sqlite3.node');
  37 | 	}
> 38 | 	return DEFAULT_ADDON = require(filename);
     |                        ^^^^^^^^^^^^^^^^^
  39 | }
  40 |
  41 | function getPrebuildPath() {

Import trace:
  Client Component Browser:
    ./node_modules/better-sqlite3/lib/binding.js [Client Component Browser]
    ./node_modules/better-sqlite3/lib/index.js [Client Component Browser]
    ./src/lib/db.ts [Client Component Browser]
    ./src/lib/properties.ts [Client Component Browser]
    ./src/components/HomeContent.tsx [Client Component Browser]
    ./src/components/HomeContent.tsx [Server Component]
    ./src/app/page.tsx [Server Component]

https://nextjs.org/docs/messages/module-not-found 
[browser] ./src/components/HomeContent.tsx:14:1
Error: Export properties doesn't exist in target module
  12 | import Navbar from "@/components/Navbar";
  13 | import PropertyCard from "@/components/PropertyCard";
> 14 | import { properties } from "@/lib/properties";
     | ^^^^^^^^^^^^^^^^^^^^^^^^^^^^^^^^^^^^^^^^^^^^^^
  15 |
  16 | const Scene3D = dynamic(() => import("@/components/Scene3D"), {
  17 |   ssr: false,

The export properties was not found in module [project]/src/lib/properties.ts [app-client] (ecmascript).
Did you mean to import getAllProperties?
All exports of the module are statically known (It doesn't have dynamic exports). So it's known statically that the requested export doesn't exist.

Import trace:
  Server Component:
    ./src/components/HomeContent.tsx
    ./src/app/page.tsx 
[browser] ./src/components/HomeContent.tsx:14:1
Error: Export properties doesn't exist in target module
  12 | import Navbar from "@/components/Navbar";
  13 | import PropertyCard from "@/components/PropertyCard";
> 14 | import { properties } from "@/lib/properties";
     | ^^^^^^^^^^^^^^^^^^^^^^^^^^^^^^^^^^^^^^^^^^^^^^
  15 |
  16 | const Scene3D = dynamic(() => import("@/components/Scene3D"), {
  17 |   ssr: false,

The export properties was not found in module [project]/src/lib/properties.ts [app-ssr] (ecmascript).
Did you mean to import getAllProperties?
All exports of the module are statically known (It doesn't have dynamic exports). So it's known statically that the requested export doesn't exist.

Import trace:
  Server Component:
    ./src/components/HomeContent.tsx
    ./src/app/page.tsx 
[browser] ./node_modules/better-sqlite3/lib/binding.js:2:12
Error: Module not found: Can't resolve 'fs'
  1 | 'use strict';
> 2 | const fs = require('fs');
    |            ^^^^^^^^^^^^^
  3 | const path = require('path');
  4 |
  5 | const PREBUILD_PLATFORMS = ['linux', 'darwin', 'win32'];

Import trace:
  Client Component Browser:
    ./node_modules/better-sqlite3/lib/binding.js [Client Component Browser]
    ./node_modules/better-sqlite3/lib/index.js [Client Component Browser]
    ./src/lib/db.ts [Client Component Browser]
    ./src/lib/properties.ts [Client Component Browser]
    ./src/components/HomeContent.tsx [Client Component Browser]
    ./src/components/HomeContent.tsx [Server Component]
    ./src/app/page.tsx [Server Component]

https://nextjs.org/docs/messages/module-not-found 
[browser] ./node_modules/better-sqlite3/lib/database.js:2:12
Error: Module not found: Can't resolve 'fs'
  1 | 'use strict';
> 2 | const fs = require('fs');
    |            ^^^^^^^^^^^^^
  3 | const path = require('path');
  4 | const util = require('./util');
  5 | const SqliteError = require('./sqlite-error');

Import trace:
  Client Component Browser:
    ./node_modules/better-sqlite3/lib/database.js [Client Component Browser]
    ./node_modules/better-sqlite3/lib/index.js [Client Component Browser]
    ./src/lib/db.ts [Client Component Browser]
    ./src/lib/properties.ts [Client Component Browser]
    ./src/components/HomeContent.tsx [Client Component Browser]
    ./src/components/HomeContent.tsx [Server Component]
    ./src/app/page.tsx [Server Component]

https://nextjs.org/docs/messages/module-not-found 
[browser] ./node_modules/better-sqlite3/lib/methods/backup.js:2:12
Error: Module not found: Can't resolve 'fs'
  1 | 'use strict';
> 2 | const fs = require('fs');
    |            ^^^^^^^^^^^^^
  3 | const path = require('path');
  4 | const { promisify } = require('util');
  5 | const { cppdb } = require('../util');

Import trace:
  Client Component Browser:
    ./node_modules/better-sqlite3/lib/methods/backup.js [Client Component Browser]
    ./node_modules/better-sqlite3/lib/database.js [Client Component Browser]
    ./node_modules/better-sqlite3/lib/index.js [Client Component Browser]
    ./src/lib/db.ts [Client Component Browser]
    ./src/lib/properties.ts [Client Component Browser]
    ./src/components/HomeContent.tsx [Client Component Browser]
    ./src/components/HomeContent.tsx [Server Component]
    ./src/app/page.tsx [Server Component]

https://nextjs.org/docs/messages/module-not-found 
[browser] ./node_modules/better-sqlite3/lib/binding.js:38:25
Error: Module not found: Can't resolve (<dynamic> | 'null')
  36 | 		filename = path.join(__dirname, '..', 'build', 'Release', 'better_sqlite3.node');
  37 | 	}
> 38 | 	return DEFAULT_ADDON = require(filename);
     |                        ^^^^^^^^^^^^^^^^^
  39 | }
  40 |
  41 | function getPrebuildPath() {

Import trace:
  Client Component Browser:
    ./node_modules/better-sqlite3/lib/binding.js [Client Component Browser]
    ./node_modules/better-sqlite3/lib/index.js [Client Component Browser]
    ./src/lib/db.ts [Client Component Browser]
    ./src/lib/properties.ts [Client Component Browser]
    ./src/components/HomeContent.tsx [Client Component Browser]
    ./src/components/HomeContent.tsx [Server Component]
    ./src/app/page.tsx [Server Component]

https://nextjs.org/docs/messages/module-not-found 
[browser] ./src/components/HomeContent.tsx:14:1
Error: Export properties doesn't exist in target module
  12 | import Navbar from "@/components/Navbar";
  13 | import PropertyCard from "@/components/PropertyCard";
> 14 | import { properties } from "@/lib/properties";
     | ^^^^^^^^^^^^^^^^^^^^^^^^^^^^^^^^^^^^^^^^^^^^^^
  15 |
  16 | const Scene3D = dynamic(() => import("@/components/Scene3D"), {
  17 |   ssr: false,

The export properties was not found in module [project]/src/lib/properties.ts [app-client] (ecmascript).
Did you mean to import getAllProperties?
All exports of the module are statically known (It doesn't have dynamic exports). So it's known statically that the requested export doesn't exist.

Import trace:
  Server Component:
    ./src/components/HomeContent.tsx
    ./src/app/page.tsx 
[browser] ./src/components/HomeContent.tsx:14:1
Error: Export properties doesn't exist in target module
  12 | import Navbar from "@/components/Navbar";
  13 | import PropertyCard from "@/components/PropertyCard";
> 14 | import { properties } from "@/lib/properties";
     | ^^^^^^^^^^^^^^^^^^^^^^^^^^^^^^^^^^^^^^^^^^^^^^
  15 |
  16 | const Scene3D = dynamic(() => import("@/components/Scene3D"), {
  17 |   ssr: false,

The export properties was not found in module [project]/src/lib/properties.ts [app-ssr] (ecmascript).
Did you mean to import getAllProperties?
All exports of the module are statically known (It doesn't have dynamic exports). So it's known statically that the requested export doesn't exist.

Import trace:
  Server Component:
    ./src/components/HomeContent.tsx
    ./src/app/page.tsx 
[browser] ./node_modules/better-sqlite3/lib/binding.js:2:12
Error: Module not found: Can't resolve 'fs'
  1 | 'use strict';
> 2 | const fs = require('fs');
    |            ^^^^^^^^^^^^^
  3 | const path = require('path');
  4 |
  5 | const PREBUILD_PLATFORMS = ['linux', 'darwin', 'win32'];

Import trace:
  Client Component Browser:
    ./node_modules/better-sqlite3/lib/binding.js [Client Component Browser]
    ./node_modules/better-sqlite3/lib/index.js [Client Component Browser]
    ./src/lib/db.ts [Client Component Browser]
    ./src/lib/properties.ts [Client Component Browser]
    ./src/components/HomeContent.tsx [Client Component Browser]
    ./src/components/HomeContent.tsx [Server Component]
    ./src/app/page.tsx [Server Component]

https://nextjs.org/docs/messages/module-not-found 
[browser] ./node_modules/better-sqlite3/lib/database.js:2:12
Error: Module not found: Can't resolve 'fs'
  1 | 'use strict';
> 2 | const fs = require('fs');
    |            ^^^^^^^^^^^^^
  3 | const path = require('path');
  4 | const util = require('./util');
  5 | const SqliteError = require('./sqlite-error');

Import trace:
  Client Component Browser:
    ./node_modules/better-sqlite3/lib/database.js [Client Component Browser]
    ./node_modules/better-sqlite3/lib/index.js [Client Component Browser]
    ./src/lib/db.ts [Client Component Browser]
    ./src/lib/properties.ts [Client Component Browser]
    ./src/components/HomeContent.tsx [Client Component Browser]
    ./src/components/HomeContent.tsx [Server Component]
    ./src/app/page.tsx [Server Component]

https://nextjs.org/docs/messages/module-not-found 
[browser] ./node_modules/better-sqlite3/lib/methods/backup.js:2:12
Error: Module not found: Can't resolve 'fs'
  1 | 'use strict';
> 2 | const fs = require('fs');
    |            ^^^^^^^^^^^^^
  3 | const path = require('path');
  4 | const { promisify } = require('util');
  5 | const { cppdb } = require('../util');

Import trace:
  Client Component Browser:
    ./node_modules/better-sqlite3/lib/methods/backup.js [Client Component Browser]
    ./node_modules/better-sqlite3/lib/database.js [Client Component Browser]
    ./node_modules/better-sqlite3/lib/index.js [Client Component Browser]
    ./src/lib/db.ts [Client Component Browser]
    ./src/lib/properties.ts [Client Component Browser]
    ./src/components/HomeContent.tsx [Client Component Browser]
    ./src/components/HomeContent.tsx [Server Component]
    ./src/app/page.tsx [Server Component]

https://nextjs.org/docs/messages/module-not-found 
[browser] ./node_modules/better-sqlite3/lib/binding.js:38:25
Error: Module not found: Can't resolve (<dynamic> | 'null')
  36 | 		filename = path.join(__dirname, '..', 'build', 'Release', 'better_sqlite3.node');
  37 | 	}
> 38 | 	return DEFAULT_ADDON = require(filename);
     |                        ^^^^^^^^^^^^^^^^^
  39 | }
  40 |
  41 | function getPrebuildPath() {

Import trace:
  Client Component Browser:
    ./node_modules/better-sqlite3/lib/binding.js [Client Component Browser]
    ./node_modules/better-sqlite3/lib/index.js [Client Component Browser]
    ./src/lib/db.ts [Client Component Browser]
    ./src/lib/properties.ts [Client Component Browser]
    ./src/components/HomeContent.tsx [Client Component Browser]
    ./src/components/HomeContent.tsx [Server Component]
    ./src/app/page.tsx [Server Component]

https://nextjs.org/docs/messages/module-not-found 
[browser] ./src/components/HomeContent.tsx:14:1
Error: Export properties doesn't exist in target module
  12 | import Navbar from "@/components/Navbar";
  13 | import PropertyCard from "@/components/PropertyCard";
> 14 | import { properties } from "@/lib/properties";
     | ^^^^^^^^^^^^^^^^^^^^^^^^^^^^^^^^^^^^^^^^^^^^^^
  15 |
  16 | const Scene3D = dynamic(() => import("@/components/Scene3D"), {
  17 |   ssr: false,

The export properties was not found in module [project]/src/lib/properties.ts [app-client] (ecmascript).
Did you mean to import getAllProperties?
All exports of the module are statically known (It doesn't have dynamic exports). So it's known statically that the requested export doesn't exist.

Import trace:
  Server Component:
    ./src/components/HomeContent.tsx
    ./src/app/page.tsx 
[browser] ./src/components/HomeContent.tsx:14:1
Error: Export properties doesn't exist in target module
  12 | import Navbar from "@/components/Navbar";
  13 | import PropertyCard from "@/components/PropertyCard";
> 14 | import { properties } from "@/lib/properties";
     | ^^^^^^^^^^^^^^^^^^^^^^^^^^^^^^^^^^^^^^^^^^^^^^
  15 |
  16 | const Scene3D = dynamic(() => import("@/components/Scene3D"), {
  17 |   ssr: false,

The export properties was not found in module [project]/src/lib/properties.ts [app-ssr] (ecmascript).
Did you mean to import getAllProperties?
All exports of the module are statically known (It doesn't have dynamic exports). So it's known statically that the requested export doesn't exist.

Import trace:
  Server Component:
    ./src/components/HomeContent.tsx
    ./src/app/page.tsx 
⨯ SyntaxError: Unexpected token ''', "['شرفة','عا"... is not valid JSON
    at JSON.parse (<anonymous>)
    at getPropertyById (src\lib\properties.ts:53:45)
    at PropertyPage (src\app\properties\[id]\page.tsx:15:35)
  51 |     bathrooms: r.bathrooms as number,
  52 |     area: r.area as number,
> 53 |     tags: typeof r.tags === "string" ? JSON.parse(r.tags) : (r.tags as string[]),
     |                                             ^
  54 |     owner_name: (r.owner_name as string) || "",
  55 |     owner_phone: (r.owner_phone as string) || "",
  56 |     description: (r.description as string) || "", {
  digest: '894864766'
}
⚠ Fast Refresh had to perform a full reload due to a runtime error.
[browser] Uncaught SyntaxError: Unexpected token ''', "['شرفة','عا"... is not valid JSON
    at JSON.parse (<anonymous>:1:19)
    at getPropertyById (src\lib\properties.ts:53:45)
    at PropertyPage (src\app\properties\[id]\page.tsx:15:35)
  51 |     bathrooms: r.bathrooms as number,
  52 |     area: r.area as number,
> 53 |     tags: typeof r.tags === "string" ? JSON.parse(r.tags) : (r.tags as string[]),
     |                                             ^
  54 |     owner_name: (r.owner_name as string) || "",
  55 |     owner_phone: (r.owner_phone as string) || "",
  56 |     description: (r.description as string) || "",
⨯ SyntaxError: Unexpected token ''', "['مؤثثة','ع"... is not valid JSON
    at JSON.parse (<anonymous>)
    at eval (src\lib\properties.ts:32:45)
    at Array.map (<anonymous>)
    at getAllProperties (src\lib\properties.ts:22:15)
    at Home (src\app\page.tsx:5:38)
  30 |     bathrooms: r.bathrooms as number,
  31 |     area: r.area as number,
> 32 |     tags: typeof r.tags === "string" ? JSON.parse(r.tags) : (r.tags as string[]),
     |                                             ^
  33 |     owner_name: (r.owner_name as string) || "",
  34 |     owner_phone: (r.owner_phone as string) || "",
  35 |     description: (r.description as string) || "", {
  digest: '1966829569'
}
⨯ SyntaxError: Unexpected token ''', "['مؤثثة','ع"... is not valid JSON
    at JSON.parse (<anonymous>)
    at eval (src\lib\properties.ts:32:45)
    at Array.map (<anonymous>)
    at getAllProperties (src\lib\properties.ts:22:15)
    at Home (src\app\page.tsx:5:38)
  30 |     bathrooms: r.bathrooms as number,
  31 |     area: r.area as number,
> 32 |     tags: typeof r.tags === "string" ? JSON.parse(r.tags) : (r.tags as string[]),
     |                                             ^
  33 |     owner_name: (r.owner_name as string) || "",
  34 |     owner_phone: (r.owner_phone as string) || "",
  35 |     description: (r.description as string) || "", {
  digest: '1966829569'
}
⨯ Failed to generate static paths for /properties/[id]:
SyntaxError: Unexpected token ''', "['مؤثثة','ع"... is not valid JSON
    at JSON.parse (<anonymous>)
    at <unknown> (src\lib\properties.ts:32:45)
    at Array.map (<anonymous>)
    at getAllProperties (src\lib\properties.ts:22:15)
    at generateStaticParams (src\app\properties\[id]\page.tsx:6:26)
  30 |     bathrooms: r.bathrooms as number,
  31 |     area: r.area as number,
> 32 |     tags: typeof r.tags === "string" ? JSON.parse(r.tags) : (r.tags as string[]),
     |                                             ^
  33 |     owner_name: (r.owner_name as string) || "",
  34 |     owner_phone: (r.owner_phone as string) || "",
  35 |     description: (r.description as string) || "", {
  type: 'SyntaxError'
}
⚠ Fast Refresh had to perform a full reload due to a runtime error.
⚠ Fast Refresh had to perform a full reload due to a runtime error.
⚠ Fast Refresh had to perform a full reload due to a runtime error.
⨯ SyntaxError: Unexpected token ''', "['مؤثثة','ع"... is not valid JSON
    at JSON.parse (<anonymous>)
    at eval (src\lib\properties.ts:32:45)
    at Array.map (<anonymous>)
    at getAllProperties (src\lib\properties.ts:22:15)
    at Home (src\app\page.tsx:5:38)
  30 |     bathrooms: r.bathrooms as number,
  31 |     area: r.area as number,
> 32 |     tags: typeof r.tags === "string" ? JSON.parse(r.tags) : (r.tags as string[]),
     |                                             ^
  33 |     owner_name: (r.owner_name as string) || "",
  34 |     owner_phone: (r.owner_phone as string) || "",
  35 |     description: (r.description as string) || "", {
  digest: '1966829569'
}
⨯ SyntaxError: Unexpected token ''', "['مؤثثة','ع"... is not valid JSON
    at JSON.parse (<anonymous>)
    at eval (src\lib\properties.ts:32:45)
    at Array.map (<anonymous>)
    at getAllProperties (src\lib\properties.ts:22:15)
    at Home (src\app\page.tsx:5:38)
  30 |     bathrooms: r.bathrooms as number,
  31 |     area: r.area as number,
> 32 |     tags: typeof r.tags === "string" ? JSON.parse(r.tags) : (r.tags as string[]),
     |                                             ^
  33 |     owner_name: (r.owner_name as string) || "",
  34 |     owner_phone: (r.owner_phone as string) || "",
  35 |     description: (r.description as string) || "", {
  digest: '1966829569'
}
⨯ SyntaxError: Unexpected token ''', "['مؤثثة','ع"... is not valid JSON
    at JSON.parse (<anonymous>)
    at <unknown> (src\lib\properties.ts:32:45)
    at Array.map (<anonymous>)
    at getAllProperties (src\lib\properties.ts:22:15)
    at generateStaticParams (src\app\properties\[id]\page.tsx:6:26)
  30 |     bathrooms: r.bathrooms as number,
  31 |     area: r.area as number,
> 32 |     tags: typeof r.tags === "string" ? JSON.parse(r.tags) : (r.tags as string[]),
     |                                             ^
  33 |     owner_name: (r.owner_name as string) || "",
  34 |     owner_phone: (r.owner_phone as string) || "",
  35 |     description: (r.description as string) || "", {
  type: 'SyntaxError',
  page: '/properties/3'
}
[browser] Uncaught SyntaxError: Unexpected token ''', "['مؤثثة','ع"... is not valid JSON
    at JSON.parse (<anonymous>)
    at <unknown> (src/lib/properties.ts:32:45)
    at Array.map (<anonymous>)
    at getAllProperties (src/lib/properties.ts:22:15)
    at generateStaticParams (src/app/properties/[id]/page.tsx:6:26)
  30 |     bathrooms: r.bathrooms as number,
  31 |     area: r.area as number,
> 32 |     tags: typeof r.tags === "string" ? JSON.parse(r.tags) : (r.tags as string[]),
     |                                             ^
  33 |     owner_name: (r.owner_name as string) || "",
  34 |     owner_phone: (r.owner_phone as string) || "",
  35 |     description: (r.description as string) || "",
⚠ Fast Refresh had to perform a full reload due to a runtime error.
⚠ Fast Refresh had to perform a full reload due to a runtime error.
⚠ Fast Refresh had to perform a full reload when ./node_modules/next/dist/shared/lib/router/router.js changed. Read more: https://nextjs.org/docs/messages/fast-refresh-reload
⚠ Fast Refresh had to perform a full reload due to a runtime error.
⚠ Fast Refresh had to perform a full reload due to a runtime error.
⨯ SyntaxError: Unexpected token ''', "['مؤثثة','ع"... is not valid JSON
    at JSON.parse (<anonymous>)
    at <unknown> (src\lib\properties.ts:32:45)
    at Array.map (<anonymous>)
    at getAllProperties (src\lib\properties.ts:22:15)
    at Home (src\app\page.tsx:5:38)
  30 |     bathrooms: r.bathrooms as number,
  31 |     area: r.area as number,
> 32 |     tags: typeof r.tags === "string" ? JSON.parse(r.tags) : (r.tags as string[]),
     |                                             ^
  33 |     owner_name: (r.owner_name as string) || "",
  34 |     owner_phone: (r.owner_phone as string) || "",
  35 |     description: (r.description as string) || "", {
  digest: '1792141558'
}
⨯ SyntaxError: Unexpected token ''', "['مؤثثة','ع"... is not valid JSON
    at JSON.parse (<anonymous>)
    at <unknown> (src\lib\properties.ts:32:45)
    at Array.map (<anonymous>)
    at getAllProperties (src\lib\properties.ts:22:15)
    at Home (src\app\page.tsx:5:38)
  30 |     bathrooms: r.bathrooms as number,
  31 |     area: r.area as number,
> 32 |     tags: typeof r.tags === "string" ? JSON.parse(r.tags) : (r.tags as string[]),
     |                                             ^
  33 |     owner_name: (r.owner_name as string) || "",
  34 |     owner_phone: (r.owner_phone as string) || "",
  35 |     description: (r.description as string) || "", {
  digest: '1792141558'
}
⨯ SyntaxError: Unexpected token ''', "['مؤثثة','ع"... is not valid JSON
    at JSON.parse (<anonymous>)
    at <unknown> (src\lib\properties.ts:32:45)
    at Array.map (<anonymous>)
    at getAllProperties (src\lib\properties.ts:22:15)
    at Home (src\app\page.tsx:5:38)
  30 |     bathrooms: r.bathrooms as number,
  31 |     area: r.area as number,
> 32 |     tags: typeof r.tags === "string" ? JSON.parse(r.tags) : (r.tags as string[]),
     |                                             ^
  33 |     owner_name: (r.owner_name as string) || "",
  34 |     owner_phone: (r.owner_phone as string) || "",
  35 |     description: (r.description as string) || "", {
  digest: '1792141558'
}
⨯ SyntaxError: Unexpected token ''', "['مؤثثة','ع"... is not valid JSON
    at JSON.parse (<anonymous>)
    at <unknown> (src\lib\properties.ts:32:45)
    at Array.map (<anonymous>)
    at getAllProperties (src\lib\properties.ts:22:15)
    at Home (src\app\page.tsx:5:38)
  30 |     bathrooms: r.bathrooms as number,
  31 |     area: r.area as number,
> 32 |     tags: typeof r.tags === "string" ? JSON.parse(r.tags) : (r.tags as string[]),
     |                                             ^
  33 |     owner_name: (r.owner_name as string) || "",
  34 |     owner_phone: (r.owner_phone as string) || "",
  35 |     description: (r.description as string) || "", {
  digest: '1792141558'
}
⨯ SyntaxError: Unexpected token ''', "['مؤثثة','ع"... is not valid JSON
    at JSON.parse (<anonymous>)
    at <unknown> (src\lib\properties.ts:32:45)
    at Array.map (<anonymous>)
    at getAllProperties (src\lib\properties.ts:22:15)
    at Home (src\app\page.tsx:5:38)
  30 |     bathrooms: r.bathrooms as number,
  31 |     area: r.area as number,
> 32 |     tags: typeof r.tags === "string" ? JSON.parse(r.tags) : (r.tags as string[]),
     |                                             ^
  33 |     owner_name: (r.owner_name as string) || "",
  34 |     owner_phone: (r.owner_phone as string) || "",
  35 |     description: (r.description as string) || "", {
  digest: '1792141558'
}
⨯ SyntaxError: Unexpected token ''', "['مؤثثة','ع"... is not valid JSON
    at JSON.parse (<anonymous>)
    at <unknown> (src\lib\properties.ts:32:45)
    at Array.map (<anonymous>)
    at getAllProperties (src\lib\properties.ts:22:15)
    at Home (src\app\page.tsx:5:38)
  30 |     bathrooms: r.bathrooms as number,
  31 |     area: r.area as number,
> 32 |     tags: typeof r.tags === "string" ? JSON.parse(r.tags) : (r.tags as string[]),
     |                                             ^
  33 |     owner_name: (r.owner_name as string) || "",
  34 |     owner_phone: (r.owner_phone as string) || "",
  35 |     description: (r.description as string) || "", {
  digest: '1792141558'
}
⨯ SyntaxError: Unexpected token ''', "['مؤثثة','ع"... is not valid JSON
    at JSON.parse (<anonymous>)
    at <unknown> (src\lib\properties.ts:32:45)
    at Array.map (<anonymous>)
    at getAllProperties (src\lib\properties.ts:22:15)
    at Home (src\app\page.tsx:5:38)
  30 |     bathrooms: r.bathrooms as number,
  31 |     area: r.area as number,
> 32 |     tags: typeof r.tags === "string" ? JSON.parse(r.tags) : (r.tags as string[]),
     |                                             ^
  33 |     owner_name: (r.owner_name as string) || "",
  34 |     owner_phone: (r.owner_phone as string) || "",
  35 |     description: (r.description as string) || "", {
  digest: '1792141558'
}
⨯ SyntaxError: Unexpected token ''', "['مؤثثة','ع"... is not valid JSON
    at JSON.parse (<anonymous>)
    at <unknown> (src\lib\properties.ts:32:45)
    at Array.map (<anonymous>)
    at getAllProperties (src\lib\properties.ts:22:15)
    at generateStaticParams (src\app\properties\[id]\page.tsx:6:26)
  30 |     bathrooms: r.bathrooms as number,
  31 |     area: r.area as number,
> 32 |     tags: typeof r.tags === "string" ? JSON.parse(r.tags) : (r.tags as string[]),
     |                                             ^
  33 |     owner_name: (r.owner_name as string) || "",
  34 |     owner_phone: (r.owner_phone as string) || "",
  35 |     description: (r.description as string) || "", {
  type: 'SyntaxError',
  page: '/properties/3'
}
[browser] Uncaught SyntaxError: Unexpected token ''', "['مؤثثة','ع"... is not valid JSON
    at JSON.parse (<anonymous>)
    at <unknown> (src/lib/properties.ts:32:45)
    at Array.map (<anonymous>)
    at getAllProperties (src/lib/properties.ts:22:15)
    at generateStaticParams (src/app/properties/[id]/page.tsx:6:26)
  30 |     bathrooms: r.bathrooms as number,
  31 |     area: r.area as number,
> 32 |     tags: typeof r.tags === "string" ? JSON.parse(r.tags) : (r.tags as string[]),
     |                                             ^
  33 |     owner_name: (r.owner_name as string) || "",
  34 |     owner_phone: (r.owner_phone as string) || "",
  35 |     description: (r.description as string) || "",
⚠ Fast Refresh had to perform a full reload due to a runtime error.
⚠ Fast Refresh had to perform a full reload when ./node_modules/next/dist/shared/lib/router/router.js changed. Read more: https://nextjs.org/docs/messages/fast-refresh-reload
⚠ Fast Refresh had to perform a full reload due to a runtime error.
⨯ SyntaxError: Unexpected token ''', "['مؤثثة','ع"... is not valid JSON
    at JSON.parse (<anonymous>)
    at <unknown> (src\lib\properties.ts:32:45)
    at Array.map (<anonymous>)
    at getAllProperties (src\lib\properties.ts:22:15)
    at Home (src\app\page.tsx:5:38)
  30 |     bathrooms: r.bathrooms as number,
  31 |     area: r.area as number,
> 32 |     tags: typeof r.tags === "string" ? JSON.parse(r.tags) : (r.tags as string[]),
     |                                             ^
  33 |     owner_name: (r.owner_name as string) || "",
  34 |     owner_phone: (r.owner_phone as string) || "",
  35 |     description: (r.description as string) || "", {
  digest: '1792141558'
}
⨯ SyntaxError: Unexpected token ''', "['مؤثثة','ع"... is not valid JSON
    at JSON.parse (<anonymous>)
    at <unknown> (src\lib\properties.ts:32:45)
    at Array.map (<anonymous>)
    at getAllProperties (src\lib\properties.ts:22:15)
    at Home (src\app\page.tsx:5:38)
  30 |     bathrooms: r.bathrooms as number,
  31 |     area: r.area as number,
> 32 |     tags: typeof r.tags === "string" ? JSON.parse(r.tags) : (r.tags as string[]),
     |                                             ^
  33 |     owner_name: (r.owner_name as string) || "",
  34 |     owner_phone: (r.owner_phone as string) || "",
  35 |     description: (r.description as string) || "", {
  digest: '1792141558'
}
⨯ SyntaxError: Unexpected token ''', "['مؤثثة','ع"... is not valid JSON
    at JSON.parse (<anonymous>)
    at <unknown> (src\lib\properties.ts:32:45)
    at Array.map (<anonymous>)
    at getAllProperties (src\lib\properties.ts:22:15)
    at Home (src\app\page.tsx:5:38)
  30 |     bathrooms: r.bathrooms as number,
  31 |     area: r.area as number,
> 32 |     tags: typeof r.tags === "string" ? JSON.parse(r.tags) : (r.tags as string[]),
     |                                             ^
  33 |     owner_name: (r.owner_name as string) || "",
  34 |     owner_phone: (r.owner_phone as string) || "",
  35 |     description: (r.description as string) || "", {
  digest: '1792141558'
}
⨯ SyntaxError: Unexpected token ''', "['مؤثثة','ع"... is not valid JSON
    at JSON.parse (<anonymous>)
    at <unknown> (src\lib\properties.ts:32:45)
    at Array.map (<anonymous>)
    at getAllProperties (src\lib\properties.ts:22:15)
    at Home (src\app\page.tsx:5:38)
  30 |     bathrooms: r.bathrooms as number,
  31 |     area: r.area as number,
> 32 |     tags: typeof r.tags === "string" ? JSON.parse(r.tags) : (r.tags as string[]),
     |                                             ^
  33 |     owner_name: (r.owner_name as string) || "",
  34 |     owner_phone: (r.owner_phone as string) || "",
  35 |     description: (r.description as string) || "", {
  digest: '1792141558'
}
⨯ SyntaxError: Unexpected token ''', "['مؤثثة','ع"... is not valid JSON
    at JSON.parse (<anonymous>)
    at <unknown> (src\lib\properties.ts:32:45)
    at Array.map (<anonymous>)
    at getAllProperties (src\lib\properties.ts:22:15)
    at Home (src\app\page.tsx:5:38)
  30 |     bathrooms: r.bathrooms as number,
  31 |     area: r.area as number,
> 32 |     tags: typeof r.tags === "string" ? JSON.parse(r.tags) : (r.tags as string[]),
     |                                             ^
  33 |     owner_name: (r.owner_name as string) || "",
  34 |     owner_phone: (r.owner_phone as string) || "",
  35 |     description: (r.description as string) || "", {
  digest: '1792141558'
}
⨯ SyntaxError: Unexpected token ''', "['مؤثثة','ع"... is not valid JSON
    at JSON.parse (<anonymous>)
    at <unknown> (src\lib\properties.ts:32:45)
    at Array.map (<anonymous>)
    at getAllProperties (src\lib\properties.ts:22:15)
    at generateStaticParams (src\app\properties\[id]\page.tsx:6:26)
  30 |     bathrooms: r.bathrooms as number,
  31 |     area: r.area as number,
> 32 |     tags: typeof r.tags === "string" ? JSON.parse(r.tags) : (r.tags as string[]),
     |                                             ^
  33 |     owner_name: (r.owner_name as string) || "",
  34 |     owner_phone: (r.owner_phone as string) || "",
  35 |     description: (r.description as string) || "", {
  type: 'SyntaxError',
  page: '/properties/3'
}
[browser] Uncaught SyntaxError: Unexpected token ''', "['مؤثثة','ع"... is not valid JSON
    at JSON.parse (<anonymous>)
    at <unknown> (src/lib/properties.ts:32:45)
    at Array.map (<anonymous>)
    at getAllProperties (src/lib/properties.ts:22:15)
    at generateStaticParams (src/app/properties/[id]/page.tsx:6:26)
  30 |     bathrooms: r.bathrooms as number,
  31 |     area: r.area as number,
> 32 |     tags: typeof r.tags === "string" ? JSON.parse(r.tags) : (r.tags as string[]),
     |                                             ^
  33 |     owner_name: (r.owner_name as string) || "",
  34 |     owner_phone: (r.owner_phone as string) || "",
  35 |     description: (r.description as string) || "",
⚠ Fast Refresh had to perform a full reload when ./node_modules/next/dist/shared/lib/router/router.js changed. Read more: https://nextjs.org/docs/messages/fast-refresh-reload
⨯ SyntaxError: Unexpected token ''', "['مؤثثة','ع"... is not valid JSON
    at JSON.parse (<anonymous>)
    at <unknown> (src\lib\properties.ts:32:45)
    at Array.map (<anonymous>)
    at getAllProperties (src\lib\properties.ts:22:15)
    at Home (src\app\page.tsx:5:38)
  30 |     bathrooms: r.bathrooms as number,
  31 |     area: r.area as number,
> 32 |     tags: typeof r.tags === "string" ? JSON.parse(r.tags) : (r.tags as string[]),
     |                                             ^
  33 |     owner_name: (r.owner_name as string) || "",
  34 |     owner_phone: (r.owner_phone as string) || "",
  35 |     description: (r.description as string) || "", {
  digest: '1792141558'
}
⚠ Fast Refresh had to perform a full reload due to a runtime error.
⚠ Fast Refresh had to perform a full reload due to a runtime error.
⨯ SyntaxError: Unexpected token ''', "['مؤثثة','ع"... is not valid JSON
    at JSON.parse (<anonymous>)
    at <unknown> (src\lib\properties.ts:32:45)
    at Array.map (<anonymous>)
    at getAllProperties (src\lib\properties.ts:22:15)
    at Home (src\app\page.tsx:5:38)
  30 |     bathrooms: r.bathrooms as number,
  31 |     area: r.area as number,
> 32 |     tags: typeof r.tags === "string" ? JSON.parse(r.tags) : (r.tags as string[]),
     |                                             ^
  33 |     owner_name: (r.owner_name as string) || "",
  34 |     owner_phone: (r.owner_phone as string) || "",
  35 |     description: (r.description as string) || "", {
  digest: '1792141558'
}
⨯ SyntaxError: Unexpected token ''', "['مؤثثة','ع"... is not valid JSON
    at JSON.parse (<anonymous>)
    at <unknown> (src\lib\properties.ts:32:45)
    at Array.map (<anonymous>)
    at getAllProperties (src\lib\properties.ts:22:15)
    at Home (src\app\page.tsx:5:38)
  30 |     bathrooms: r.bathrooms as number,
  31 |     area: r.area as number,
> 32 |     tags: typeof r.tags === "string" ? JSON.parse(r.tags) : (r.tags as string[]),
     |                                             ^
  33 |     owner_name: (r.owner_name as string) || "",
  34 |     owner_phone: (r.owner_phone as string) || "",
  35 |     description: (r.description as string) || "", {
  digest: '1792141558'
}
⨯ SyntaxError: Unexpected token ''', "['مؤثثة','ع"... is not valid JSON
    at JSON.parse (<anonymous>)
    at <unknown> (src\lib\properties.ts:32:45)
    at Array.map (<anonymous>)
    at getAllProperties (src\lib\properties.ts:22:15)
    at Home (src\app\page.tsx:5:38)
  30 |     bathrooms: r.bathrooms as number,
  31 |     area: r.area as number,
> 32 |     tags: typeof r.tags === "string" ? JSON.parse(r.tags) : (r.tags as string[]),
     |                                             ^
  33 |     owner_name: (r.owner_name as string) || "",
  34 |     owner_phone: (r.owner_phone as string) || "",
  35 |     description: (r.description as string) || "", {
  digest: '1792141558'
}
⨯ SyntaxError: Unexpected token ''', "['مؤثثة','ع"... is not valid JSON
    at JSON.parse (<anonymous>)
    at <unknown> (src\lib\properties.ts:32:45)
    at Array.map (<anonymous>)
    at getAllProperties (src\lib\properties.ts:22:15)
    at Home (src\app\page.tsx:5:38)
  30 |     bathrooms: r.bathrooms as number,
  31 |     area: r.area as number,
> 32 |     tags: typeof r.tags === "string" ? JSON.parse(r.tags) : (r.tags as string[]),
     |                                             ^
  33 |     owner_name: (r.owner_name as string) || "",
  34 |     owner_phone: (r.owner_phone as string) || "",
  35 |     description: (r.description as string) || "", {
  digest: '1792141558'
}
⨯ SyntaxError: Unexpected token ''', "['مؤثثة','ع"... is not valid JSON
    at JSON.parse (<anonymous>)
    at <unknown> (src\lib\properties.ts:32:45)
    at Array.map (<anonymous>)
    at getAllProperties (src\lib\properties.ts:22:15)
    at Home (src\app\page.tsx:5:38)
  30 |     bathrooms: r.bathrooms as number,
  31 |     area: r.area as number,
> 32 |     tags: typeof r.tags === "string" ? JSON.parse(r.tags) : (r.tags as string[]),
     |                                             ^
  33 |     owner_name: (r.owner_name as string) || "",
  34 |     owner_phone: (r.owner_phone as string) || "",
  35 |     description: (r.description as string) || "", {
  digest: '1792141558'
}
⨯ SyntaxError: Unexpected token ''', "['مؤثثة','ع"... is not valid JSON
    at JSON.parse (<anonymous>)
    at <unknown> (src\lib\properties.ts:32:45)
    at Array.map (<anonymous>)
    at getAllProperties (src\lib\properties.ts:22:15)
    at Home (src\app\page.tsx:5:38)
  30 |     bathrooms: r.bathrooms as number,
  31 |     area: r.area as number,
> 32 |     tags: typeof r.tags === "string" ? JSON.parse(r.tags) : (r.tags as string[]),
     |                                             ^
  33 |     owner_name: (r.owner_name as string) || "",
  34 |     owner_phone: (r.owner_phone as string) || "",
  35 |     description: (r.description as string) || "", {
  digest: '1792141558'
}
⨯ SyntaxError: Unexpected token ''', "['مؤثثة','ع"... is not valid JSON
    at JSON.parse (<anonymous>)
    at <unknown> (src\lib\properties.ts:32:45)
    at Array.map (<anonymous>)
    at getAllProperties (src\lib\properties.ts:22:15)
    at generateStaticParams (src\app\properties\[id]\page.tsx:6:26)
  30 |     bathrooms: r.bathrooms as number,
  31 |     area: r.area as number,
> 32 |     tags: typeof r.tags === "string" ? JSON.parse(r.tags) : (r.tags as string[]),
     |                                             ^
  33 |     owner_name: (r.owner_name as string) || "",
  34 |     owner_phone: (r.owner_phone as string) || "",
  35 |     description: (r.description as string) || "", {
  type: 'SyntaxError',
  page: '/properties/3'
}
[browser] Uncaught SyntaxError: Unexpected token ''', "['مؤثثة','ع"... is not valid JSON
    at JSON.parse (<anonymous>)
    at <unknown> (src/lib/properties.ts:32:45)
    at Array.map (<anonymous>)
    at getAllProperties (src/lib/properties.ts:22:15)
    at generateStaticParams (src/app/properties/[id]/page.tsx:6:26)
  30 |     bathrooms: r.bathrooms as number,
  31 |     area: r.area as number,
> 32 |     tags: typeof r.tags === "string" ? JSON.parse(r.tags) : (r.tags as string[]),
     |                                             ^
  33 |     owner_name: (r.owner_name as string) || "",
  34 |     owner_phone: (r.owner_phone as string) || "",
  35 |     description: (r.description as string) || "",
⚠ Fast Refresh had to perform a full reload when ./node_modules/next/dist/shared/lib/router/router.js changed. Read more: https://nextjs.org/docs/messages/fast-refresh-reload
⚠ Fast Refresh had to perform a full reload due to a runtime error.
⚠ Fast Refresh had to perform a full reload due to a runtime error.
⨯ SyntaxError: Unexpected token ''', "['مؤثثة','ع"... is not valid JSON
    at JSON.parse (<anonymous>)
    at <unknown> (src\lib\properties.ts:32:45)
    at Array.map (<anonymous>)
    at getAllProperties (src\lib\properties.ts:22:15)
    at Home (src\app\page.tsx:5:38)
  30 |     bathrooms: r.bathrooms as number,
  31 |     area: r.area as number,
> 32 |     tags: typeof r.tags === "string" ? JSON.parse(r.tags) : (r.tags as string[]),
     |                                             ^
  33 |     owner_name: (r.owner_name as string) || "",
  34 |     owner_phone: (r.owner_phone as string) || "",
  35 |     description: (r.description as string) || "", {
  digest: '1792141558'
}
⨯ SyntaxError: Unexpected token ''', "['مؤثثة','ع"... is not valid JSON
    at JSON.parse (<anonymous>)
    at <unknown> (src\lib\properties.ts:32:45)
    at Array.map (<anonymous>)
    at getAllProperties (src\lib\properties.ts:22:15)
    at Home (src\app\page.tsx:5:38)
  30 |     bathrooms: r.bathrooms as number,
  31 |     area: r.area as number,
> 32 |     tags: typeof r.tags === "string" ? JSON.parse(r.tags) : (r.tags as string[]),
     |                                             ^
  33 |     owner_name: (r.owner_name as string) || "",
  34 |     owner_phone: (r.owner_phone as string) || "",
  35 |     description: (r.description as string) || "", {
  digest: '1792141558'
}
⨯ SyntaxError: Unexpected token ''', "['مؤثثة','ع"... is not valid JSON
    at JSON.parse (<anonymous>)
    at <unknown> (src\lib\properties.ts:32:45)
    at Array.map (<anonymous>)
    at getAllProperties (src\lib\properties.ts:22:15)
    at Home (src\app\page.tsx:5:38)
  30 |     bathrooms: r.bathrooms as number,
  31 |     area: r.area as number,
> 32 |     tags: typeof r.tags === "string" ? JSON.parse(r.tags) : (r.tags as string[]),
     |                                             ^
  33 |     owner_name: (r.owner_name as string) || "",
  34 |     owner_phone: (r.owner_phone as string) || "",
  35 |     description: (r.description as string) || "", {
  digest: '1792141558'
}
⨯ SyntaxError: Unexpected token ''', "['مؤثثة','ع"... is not valid JSON
    at JSON.parse (<anonymous>)
    at <unknown> (src\lib\properties.ts:32:45)
    at Array.map (<anonymous>)
    at getAllProperties (src\lib\properties.ts:22:15)
    at Home (src\app\page.tsx:5:38)
  30 |     bathrooms: r.bathrooms as number,
  31 |     area: r.area as number,
> 32 |     tags: typeof r.tags === "string" ? JSON.parse(r.tags) : (r.tags as string[]),
     |                                             ^
  33 |     owner_name: (r.owner_name as string) || "",
  34 |     owner_phone: (r.owner_phone as string) || "",
  35 |     description: (r.description as string) || "", {
  digest: '1792141558'
}
⨯ SyntaxError: Unexpected token ''', "['مؤثثة','ع"... is not valid JSON
    at JSON.parse (<anonymous>)
    at <unknown> (src\lib\properties.ts:32:45)
    at Array.map (<anonymous>)
    at getAllProperties (src\lib\properties.ts:22:15)
    at Home (src\app\page.tsx:5:38)
  30 |     bathrooms: r.bathrooms as number,
  31 |     area: r.area as number,
> 32 |     tags: typeof r.tags === "string" ? JSON.parse(r.tags) : (r.tags as string[]),
     |                                             ^
  33 |     owner_name: (r.owner_name as string) || "",
  34 |     owner_phone: (r.owner_phone as string) || "",
  35 |     description: (r.description as string) || "", {
  digest: '1792141558'
}
⨯ SyntaxError: Unexpected token ''', "['مؤثثة','ع"... is not valid JSON
    at JSON.parse (<anonymous>)
    at <unknown> (src\lib\properties.ts:32:45)
    at Array.map (<anonymous>)
    at getAllProperties (src\lib\properties.ts:22:15)
    at Home (src\app\page.tsx:5:38)
  30 |     bathrooms: r.bathrooms as number,
  31 |     area: r.area as number,
> 32 |     tags: typeof r.tags === "string" ? JSON.parse(r.tags) : (r.tags as string[]),
     |                                             ^
  33 |     owner_name: (r.owner_name as string) || "",
  34 |     owner_phone: (r.owner_phone as string) || "",
  35 |     description: (r.description as string) || "", {
  digest: '1792141558'
}
⨯ SyntaxError: Unexpected token ''', "['مؤثثة','ع"... is not valid JSON
    at JSON.parse (<anonymous>)
    at <unknown> (src\lib\properties.ts:32:45)
    at Array.map (<anonymous>)
    at getAllProperties (src\lib\properties.ts:22:15)
    at generateStaticParams (src\app\properties\[id]\page.tsx:6:26)
  30 |     bathrooms: r.bathrooms as number,
  31 |     area: r.area as number,
> 32 |     tags: typeof r.tags === "string" ? JSON.parse(r.tags) : (r.tags as string[]),
     |                                             ^
  33 |     owner_name: (r.owner_name as string) || "",
  34 |     owner_phone: (r.owner_phone as string) || "",
  35 |     description: (r.description as string) || "", {
  type: 'SyntaxError',
  page: '/properties/3'
}
[browser] Uncaught SyntaxError: Unexpected token ''', "['مؤثثة','ع"... is not valid JSON
    at JSON.parse (<anonymous>)
    at <unknown> (src/lib/properties.ts:32:45)
    at Array.map (<anonymous>)
    at getAllProperties (src/lib/properties.ts:22:15)
    at generateStaticParams (src/app/properties/[id]/page.tsx:6:26)
  30 |     bathrooms: r.bathrooms as number,
  31 |     area: r.area as number,
> 32 |     tags: typeof r.tags === "string" ? JSON.parse(r.tags) : (r.tags as string[]),
     |                                             ^
  33 |     owner_name: (r.owner_name as string) || "",
  34 |     owner_phone: (r.owner_phone as string) || "",
  35 |     description: (r.description as string) || "",
⚠ Fast Refresh had to perform a full reload due to a runtime error.
⚠ Fast Refresh had to perform a full reload due to a runtime error.
⚠ Fast Refresh had to perform a full reload when ./node_modules/next/dist/shared/lib/router/router.js changed. Read more: https://nextjs.org/docs/messages/fast-refresh-reload
⨯ SyntaxError: Unexpected token ''', "['مؤثثة','ع"... is not valid JSON
    at JSON.parse (<anonymous>)
    at <unknown> (src\lib\properties.ts:32:45)
    at Array.map (<anonymous>)
    at getAllProperties (src\lib\properties.ts:22:15)
    at Home (src\app\page.tsx:5:38)
  30 |     bathrooms: r.bathrooms as number,
  31 |     area: r.area as number,
> 32 |     tags: typeof r.tags === "string" ? JSON.parse(r.tags) : (r.tags as string[]),
     |                                             ^
  33 |     owner_name: (r.owner_name as string) || "",
  34 |     owner_phone: (r.owner_phone as string) || "",
  35 |     description: (r.description as string) || "", {
  digest: '1792141558'
}
⨯ SyntaxError: Unexpected token ''', "['مؤثثة','ع"... is not valid JSON
    at JSON.parse (<anonymous>)
    at <unknown> (src\lib\properties.ts:32:45)
    at Array.map (<anonymous>)
    at getAllProperties (src\lib\properties.ts:22:15)
    at Home (src\app\page.tsx:5:38)
  30 |     bathrooms: r.bathrooms as number,
  31 |     area: r.area as number,
> 32 |     tags: typeof r.tags === "string" ? JSON.parse(r.tags) : (r.tags as string[]),
     |                                             ^
  33 |     owner_name: (r.owner_name as string) || "",
  34 |     owner_phone: (r.owner_phone as string) || "",
  35 |     description: (r.description as string) || "", {
  digest: '1792141558'
}
⨯ SyntaxError: Unexpected token ''', "['مؤثثة','ع"... is not valid JSON
    at JSON.parse (<anonymous>)
    at <unknown> (src\lib\properties.ts:32:45)
    at Array.map (<anonymous>)
    at getAllProperties (src\lib\properties.ts:22:15)
    at Home (src\app\page.tsx:5:38)
  30 |     bathrooms: r.bathrooms as number,
  31 |     area: r.area as number,
> 32 |     tags: typeof r.tags === "string" ? JSON.parse(r.tags) : (r.tags as string[]),
     |                                             ^
  33 |     owner_name: (r.owner_name as string) || "",
  34 |     owner_phone: (r.owner_phone as string) || "",
  35 |     description: (r.description as string) || "", {
  digest: '1792141558'
}
⨯ SyntaxError: Unexpected token ''', "['مؤثثة','ع"... is not valid JSON
    at JSON.parse (<anonymous>)
    at <unknown> (src\lib\properties.ts:32:45)
    at Array.map (<anonymous>)
    at getAllProperties (src\lib\properties.ts:22:15)
    at Home (src\app\page.tsx:5:38)
  30 |     bathrooms: r.bathrooms as number,
  31 |     area: r.area as number,
> 32 |     tags: typeof r.tags === "string" ? JSON.parse(r.tags) : (r.tags as string[]),
     |                                             ^
  33 |     owner_name: (r.owner_name as string) || "",
  34 |     owner_phone: (r.owner_phone as string) || "",
  35 |     description: (r.description as string) || "", {
  digest: '1792141558'
}
⨯ SyntaxError: Unexpected token ''', "['مؤثثة','ع"... is not valid JSON
    at JSON.parse (<anonymous>)
    at <unknown> (src\lib\properties.ts:32:45)
    at Array.map (<anonymous>)
    at getAllProperties (src\lib\properties.ts:22:15)
    at Home (src\app\page.tsx:5:38)
  30 |     bathrooms: r.bathrooms as number,
  31 |     area: r.area as number,
> 32 |     tags: typeof r.tags === "string" ? JSON.parse(r.tags) : (r.tags as string[]),
     |                                             ^
  33 |     owner_name: (r.owner_name as string) || "",
  34 |     owner_phone: (r.owner_phone as string) || "",
  35 |     description: (r.description as string) || "", {
  digest: '1792141558'
}
⨯ SyntaxError: Unexpected token ''', "['مؤثثة','ع"... is not valid JSON
    at JSON.parse (<anonymous>)
    at <unknown> (src\lib\properties.ts:32:45)
    at Array.map (<anonymous>)
    at getAllProperties (src\lib\properties.ts:22:15)
    at Home (src\app\page.tsx:5:38)
  30 |     bathrooms: r.bathrooms as number,
  31 |     area: r.area as number,
> 32 |     tags: typeof r.tags === "string" ? JSON.parse(r.tags) : (r.tags as string[]),
     |                                             ^
  33 |     owner_name: (r.owner_name as string) || "",
  34 |     owner_phone: (r.owner_phone as string) || "",
  35 |     description: (r.description as string) || "", {
  digest: '1792141558'
}
⨯ SyntaxError: Unexpected token ''', "['مؤثثة','ع"... is not valid JSON
    at JSON.parse (<anonymous>)
    at <unknown> (src\lib\properties.ts:32:45)
    at Array.map (<anonymous>)
    at getAllProperties (src\lib\properties.ts:22:15)
    at generateStaticParams (src\app\properties\[id]\page.tsx:6:26)
  30 |     bathrooms: r.bathrooms as number,
  31 |     area: r.area as number,
> 32 |     tags: typeof r.tags === "string" ? JSON.parse(r.tags) : (r.tags as string[]),
     |                                             ^
  33 |     owner_name: (r.owner_name as string) || "",
  34 |     owner_phone: (r.owner_phone as string) || "",
  35 |     description: (r.description as string) || "", {
  type: 'SyntaxError',
  page: '/properties/3'
}
[browser] Uncaught SyntaxError: Unexpected token ''', "['مؤثثة','ع"... is not valid JSON
    at JSON.parse (<anonymous>)
    at <unknown> (src/lib/properties.ts:32:45)
    at Array.map (<anonymous>)
    at getAllProperties (src/lib/properties.ts:22:15)
    at generateStaticParams (src/app/properties/[id]/page.tsx:6:26)
  30 |     bathrooms: r.bathrooms as number,
  31 |     area: r.area as number,
> 32 |     tags: typeof r.tags === "string" ? JSON.parse(r.tags) : (r.tags as string[]),
     |                                             ^
  33 |     owner_name: (r.owner_name as string) || "",
  34 |     owner_phone: (r.owner_phone as string) || "",
  35 |     description: (r.description as string) || "",
⨯ SyntaxError: Unexpected token ''', "['مؤثثة','ع"... is not valid JSON
    at JSON.parse (<anonymous>)
    at <unknown> (src\lib\properties.ts:32:45)
    at Array.map (<anonymous>)
    at getAllProperties (src\lib\properties.ts:22:15)
    at generateStaticParams (src\app\properties\[id]\page.tsx:6:26)
  30 |     bathrooms: r.bathrooms as number,
  31 |     area: r.area as number,
> 32 |     tags: typeof r.tags === "string" ? JSON.parse(r.tags) : (r.tags as string[]),
     |                                             ^
  33 |     owner_name: (r.owner_name as string) || "",
  34 |     owner_phone: (r.owner_phone as string) || "",
  35 |     description: (r.description as string) || "", {
  type: 'SyntaxError',
  page: '/properties/3'
}
[browser] Uncaught SyntaxError: Unexpected token ''', "['مؤثثة','ع"... is not valid JSON
    at JSON.parse (<anonymous>)
    at <unknown> (src/lib/properties.ts:32:45)
    at Array.map (<anonymous>)
    at getAllProperties (src/lib/properties.ts:22:15)
    at generateStaticParams (src/app/properties/[id]/page.tsx:6:26)
  30 |     bathrooms: r.bathrooms as number,
  31 |     area: r.area as number,
> 32 |     tags: typeof r.tags === "string" ? JSON.parse(r.tags) : (r.tags as string[]),
     |                                             ^
  33 |     owner_name: (r.owner_name as string) || "",
  34 |     owner_phone: (r.owner_phone as string) || "",
  35 |     description: (r.description as string) || "",
[browser] Uncaught SyntaxError: Unexpected token ''', "['مؤثثة','ع"... is not valid JSON
    at JSON.parse (<anonymous>:1:19)
    at <anonymous> (src\lib\properties.ts:32:45)
    at Array.map (<anonymous>:1:18)
    at getAllProperties (src\lib\properties.ts:22:15)
    at Home (src\app\page.tsx:5:38)
  30 |     bathrooms: r.bathrooms as number,
  31 |     area: r.area as number,
> 32 |     tags: typeof r.tags === "string" ? JSON.parse(r.tags) : (r.tags as string[]),
     |                                             ^
  33 |     owner_name: (r.owner_name as string) || "",
  34 |     owner_phone: (r.owner_phone as string) || "",
  35 |     description: (r.description as string) || "",
⚠ Fast Refresh had to perform a full reload due to a runtime error.
⚠ Fast Refresh had to perform a full reload when ./node_modules/next/dist/shared/lib/router/router.js changed. Read more: https://nextjs.org/docs/messages/fast-refresh-reload
⚠ Fast Refresh had to perform a full reload due to a runtime error.
⚠ Fast Refresh had to perform a full reload due to a runtime error.
⚠ Fast Refresh had to perform a full reload due to a runtime error.
⨯ SyntaxError: Unexpected token ''', "['مؤثثة','ع"... is not valid JSON
    at JSON.parse (<anonymous>)
    at <unknown> (src\lib\properties.ts:32:45)
    at Array.map (<anonymous>)
    at getAllProperties (src\lib\properties.ts:22:15)
    at Home (src\app\page.tsx:5:38)
  30 |     bathrooms: r.bathrooms as number,
  31 |     area: r.area as number,
> 32 |     tags: typeof r.tags === "string" ? JSON.parse(r.tags) : (r.tags as string[]),
     |                                             ^
  33 |     owner_name: (r.owner_name as string) || "",
  34 |     owner_phone: (r.owner_phone as string) || "",
  35 |     description: (r.description as string) || "", {
  digest: '1792141558'
}
⨯ SyntaxError: Unexpected token ''', "['مؤثثة','ع"... is not valid JSON
    at JSON.parse (<anonymous>)
    at <unknown> (src\lib\properties.ts:32:45)
    at Array.map (<anonymous>)
    at getAllProperties (src\lib\properties.ts:22:15)
    at Home (src\app\page.tsx:5:38)
  30 |     bathrooms: r.bathrooms as number,
  31 |     area: r.area as number,
> 32 |     tags: typeof r.tags === "string" ? JSON.parse(r.tags) : (r.tags as string[]),
     |                                             ^
  33 |     owner_name: (r.owner_name as string) || "",
  34 |     owner_phone: (r.owner_phone as string) || "",
  35 |     description: (r.description as string) || "", {
  digest: '1792141558'
}
⨯ SyntaxError: Unexpected token ''', "['مؤثثة','ع"... is not valid JSON
    at JSON.parse (<anonymous>)
    at <unknown> (src\lib\properties.ts:32:45)
    at Array.map (<anonymous>)
    at getAllProperties (src\lib\properties.ts:22:15)
    at Home (src\app\page.tsx:5:38)
  30 |     bathrooms: r.bathrooms as number,
  31 |     area: r.area as number,
> 32 |     tags: typeof r.tags === "string" ? JSON.parse(r.tags) : (r.tags as string[]),
     |                                             ^
  33 |     owner_name: (r.owner_name as string) || "",
  34 |     owner_phone: (r.owner_phone as string) || "",
  35 |     description: (r.description as string) || "", {
  digest: '1792141558'
}
⨯ SyntaxError: Unexpected token ''', "['مؤثثة','ع"... is not valid JSON
    at JSON.parse (<anonymous>)
    at <unknown> (src\lib\properties.ts:32:45)
    at Array.map (<anonymous>)
    at getAllProperties (src\lib\properties.ts:22:15)
    at Home (src\app\page.tsx:5:38)
  30 |     bathrooms: r.bathrooms as number,
  31 |     area: r.area as number,
> 32 |     tags: typeof r.tags === "string" ? JSON.parse(r.tags) : (r.tags as string[]),
     |                                             ^
  33 |     owner_name: (r.owner_name as string) || "",
  34 |     owner_phone: (r.owner_phone as string) || "",
  35 |     description: (r.description as string) || "", {
  digest: '1792141558'
}
⨯ SyntaxError: Unexpected token ''', "['مؤثثة','ع"... is not valid JSON
    at JSON.parse (<anonymous>)
    at <unknown> (src\lib\properties.ts:32:45)
    at Array.map (<anonymous>)
    at getAllProperties (src\lib\properties.ts:22:15)
    at generateStaticParams (src\app\properties\[id]\page.tsx:6:26)
  30 |     bathrooms: r.bathrooms as number,
  31 |     area: r.area as number,
> 32 |     tags: typeof r.tags === "string" ? JSON.parse(r.tags) : (r.tags as string[]),
     |                                             ^
  33 |     owner_name: (r.owner_name as string) || "",
  34 |     owner_phone: (r.owner_phone as string) || "",
  35 |     description: (r.description as string) || "", {
  type: 'SyntaxError',
  page: '/properties/3'
}
[browser] Uncaught SyntaxError: Unexpected token ''', "['مؤثثة','ع"... is not valid JSON
    at JSON.parse (<anonymous>)
    at <unknown> (src/lib/properties.ts:32:45)
    at Array.map (<anonymous>)
    at getAllProperties (src/lib/properties.ts:22:15)
    at generateStaticParams (src/app/properties/[id]/page.tsx:6:26)
  30 |     bathrooms: r.bathrooms as number,
  31 |     area: r.area as number,
> 32 |     tags: typeof r.tags === "string" ? JSON.parse(r.tags) : (r.tags as string[]),
     |                                             ^
  33 |     owner_name: (r.owner_name as string) || "",
  34 |     owner_phone: (r.owner_phone as string) || "",
  35 |     description: (r.description as string) || "",
⨯ SyntaxError: Unexpected token ''', "['مؤثثة','ع"... is not valid JSON
    at JSON.parse (<anonymous>)
    at <unknown> (src\lib\properties.ts:32:45)
    at Array.map (<anonymous>)
    at getAllProperties (src\lib\properties.ts:22:15)
    at Home (src\app\page.tsx:5:38)
  30 |     bathrooms: r.bathrooms as number,
  31 |     area: r.area as number,
> 32 |     tags: typeof r.tags === "string" ? JSON.parse(r.tags) : (r.tags as string[]),
     |                                             ^
  33 |     owner_name: (r.owner_name as string) || "",
  34 |     owner_phone: (r.owner_phone as string) || "",
  35 |     description: (r.description as string) || "", {
  digest: '1792141558'
}
⨯ SyntaxError: Unexpected token ''', "['مؤثثة','ع"... is not valid JSON
    at JSON.parse (<anonymous>)
    at <unknown> (src\lib\properties.ts:32:45)
    at Array.map (<anonymous>)
    at getAllProperties (src\lib\properties.ts:22:15)
    at Home (src\app\page.tsx:5:38)
  30 |     bathrooms: r.bathrooms as number,
  31 |     area: r.area as number,
> 32 |     tags: typeof r.tags === "string" ? JSON.parse(r.tags) : (r.tags as string[]),
     |                                             ^
  33 |     owner_name: (r.owner_name as string) || "",
  34 |     owner_phone: (r.owner_phone as string) || "",
  35 |     description: (r.description as string) || "", {
  digest: '1792141558'
}
⨯ SyntaxError: Unexpected token ''', "['مؤثثة','ع"... is not valid JSON
    at JSON.parse (<anonymous>)
    at <unknown> (src\lib\properties.ts:32:45)
    at Array.map (<anonymous>)
    at getAllProperties (src\lib\properties.ts:22:15)
    at Home (src\app\page.tsx:5:38)
  30 |     bathrooms: r.bathrooms as number,
  31 |     area: r.area as number,
> 32 |     tags: typeof r.tags === "string" ? JSON.parse(r.tags) : (r.tags as string[]),
     |                                             ^
  33 |     owner_name: (r.owner_name as string) || "",
  34 |     owner_phone: (r.owner_phone as string) || "",
  35 |     description: (r.description as string) || "", {
  digest: '1792141558'
}
⨯ SyntaxError: Unexpected token ''', "['مؤثثة','ع"... is not valid JSON
    at JSON.parse (<anonymous>)
    at <unknown> (src\lib\properties.ts:32:45)
    at Array.map (<anonymous>)
    at getAllProperties (src\lib\properties.ts:22:15)
    at Home (src\app\page.tsx:5:38)
  30 |     bathrooms: r.bathrooms as number,
  31 |     area: r.area as number,
> 32 |     tags: typeof r.tags === "string" ? JSON.parse(r.tags) : (r.tags as string[]),
     |                                             ^
  33 |     owner_name: (r.owner_name as string) || "",
  34 |     owner_phone: (r.owner_phone as string) || "",
  35 |     description: (r.description as string) || "", {
  digest: '1792141558'
}
⨯ SyntaxError: Unexpected token ''', "['مؤثثة','ع"... is not valid JSON
    at JSON.parse (<anonymous>)
    at <unknown> (src\lib\properties.ts:32:45)
    at Array.map (<anonymous>)
    at getAllProperties (src\lib\properties.ts:22:15)
    at Home (src\app\page.tsx:5:38)
  30 |     bathrooms: r.bathrooms as number,
  31 |     area: r.area as number,
> 32 |     tags: typeof r.tags === "string" ? JSON.parse(r.tags) : (r.tags as string[]),
     |                                             ^
  33 |     owner_name: (r.owner_name as string) || "",
  34 |     owner_phone: (r.owner_phone as string) || "",
  35 |     description: (r.description as string) || "", {
  digest: '1792141558'
}
⨯ SyntaxError: Unexpected token ''', "['مؤثثة','ع"... is not valid JSON
    at JSON.parse (<anonymous>)
    at <unknown> (src\lib\properties.ts:32:45)
    at Array.map (<anonymous>)
    at getAllProperties (src\lib\properties.ts:22:15)
    at Home (src\app\page.tsx:5:38)
  30 |     bathrooms: r.bathrooms as number,
  31 |     area: r.area as number,
> 32 |     tags: typeof r.tags === "string" ? JSON.parse(r.tags) : (r.tags as string[]),
     |                                             ^
  33 |     owner_name: (r.owner_name as string) || "",
  34 |     owner_phone: (r.owner_phone as string) || "",
  35 |     description: (r.description as string) || "", {
  digest: '1792141558'
}
⨯ SyntaxError: Unexpected token ''', "['مؤثثة','ع"... is not valid JSON
    at JSON.parse (<anonymous>)
    at <unknown> (src\lib\properties.ts:32:45)
    at Array.map (<anonymous>)
    at getAllProperties (src\lib\properties.ts:22:15)
    at Home (src\app\page.tsx:5:38)
  30 |     bathrooms: r.bathrooms as number,
  31 |     area: r.area as number,
> 32 |     tags: typeof r.tags === "string" ? JSON.parse(r.tags) : (r.tags as string[]),
     |                                             ^
  33 |     owner_name: (r.owner_name as string) || "",
  34 |     owner_phone: (r.owner_phone as string) || "",
  35 |     description: (r.description as string) || "", {
  digest: '1792141558'
}
⨯ SyntaxError: Unexpected token ''', "['مؤثثة','ع"... is not valid JSON
    at JSON.parse (<anonymous>)
    at <unknown> (src\lib\properties.ts:32:45)
    at Array.map (<anonymous>)
    at getAllProperties (src\lib\properties.ts:22:15)
    at Home (src\app\page.tsx:5:38)
  30 |     bathrooms: r.bathrooms as number,
  31 |     area: r.area as number,
> 32 |     tags: typeof r.tags === "string" ? JSON.parse(r.tags) : (r.tags as string[]),
     |                                             ^
  33 |     owner_name: (r.owner_name as string) || "",
  34 |     owner_phone: (r.owner_phone as string) || "",
  35 |     description: (r.description as string) || "", {
  digest: '1792141558'
}
⨯ SyntaxError: Unexpected token ''', "['مؤثثة','ع"... is not valid JSON
    at JSON.parse (<anonymous>)
    at <unknown> (src\lib\properties.ts:32:45)
    at Array.map (<anonymous>)
    at getAllProperties (src\lib\properties.ts:22:15)
    at Home (src\app\page.tsx:5:38)
  30 |     bathrooms: r.bathrooms as number,
  31 |     area: r.area as number,
> 32 |     tags: typeof r.tags === "string" ? JSON.parse(r.tags) : (r.tags as string[]),
     |                                             ^
  33 |     owner_name: (r.owner_name as string) || "",
  34 |     owner_phone: (r.owner_phone as string) || "",
  35 |     description: (r.description as string) || "", {
  digest: '1792141558'
}
⨯ SyntaxError: Unexpected token ''', "['مؤثثة','ع"... is not valid JSON
    at JSON.parse (<anonymous>)
    at <unknown> (src\lib\properties.ts:32:45)
    at Array.map (<anonymous>)
    at getAllProperties (src\lib\properties.ts:22:15)
    at Home (src\app\page.tsx:5:38)
  30 |     bathrooms: r.bathrooms as number,
  31 |     area: r.area as number,
> 32 |     tags: typeof r.tags === "string" ? JSON.parse(r.tags) : (r.tags as string[]),
     |                                             ^
  33 |     owner_name: (r.owner_name as string) || "",
  34 |     owner_phone: (r.owner_phone as string) || "",
  35 |     description: (r.description as string) || "", {
  digest: '1792141558'
}
⨯ SyntaxError: Unexpected token ''', "['مؤثثة','ع"... is not valid JSON
    at JSON.parse (<anonymous>)
    at <unknown> (src\lib\properties.ts:32:45)
    at Array.map (<anonymous>)
    at getAllProperties (src\lib\properties.ts:22:15)
    at Home (src\app\page.tsx:5:38)
  30 |     bathrooms: r.bathrooms as number,
  31 |     area: r.area as number,
> 32 |     tags: typeof r.tags === "string" ? JSON.parse(r.tags) : (r.tags as string[]),
     |                                             ^
  33 |     owner_name: (r.owner_name as string) || "",
  34 |     owner_phone: (r.owner_phone as string) || "",
  35 |     description: (r.description as string) || "", {
  digest: '1792141558'
}
⨯ SyntaxError: Unexpected token ''', "['مؤثثة','ع"... is not valid JSON
    at JSON.parse (<anonymous>)
    at <unknown> (src\lib\properties.ts:32:45)
    at Array.map (<anonymous>)
    at getAllProperties (src\lib\properties.ts:22:15)
    at Home (src\app\page.tsx:5:38)
  30 |     bathrooms: r.bathrooms as number,
  31 |     area: r.area as number,
> 32 |     tags: typeof r.tags === "string" ? JSON.parse(r.tags) : (r.tags as string[]),
     |                                             ^
  33 |     owner_name: (r.owner_name as string) || "",
  34 |     owner_phone: (r.owner_phone as string) || "",
  35 |     description: (r.description as string) || "", {
  digest: '1792141558'
}
⨯ SyntaxError: Unexpected token ''', "['مؤثثة','ع"... is not valid JSON
    at JSON.parse (<anonymous>)
    at <unknown> (src\lib\properties.ts:32:45)
    at Array.map (<anonymous>)
    at getAllProperties (src\lib\properties.ts:22:15)
    at Home (src\app\page.tsx:5:38)
  30 |     bathrooms: r.bathrooms as number,
  31 |     area: r.area as number,
> 32 |     tags: typeof r.tags === "string" ? JSON.parse(r.tags) : (r.tags as string[]),
     |                                             ^
  33 |     owner_name: (r.owner_name as string) || "",
  34 |     owner_phone: (r.owner_phone as string) || "",
  35 |     description: (r.description as string) || "", {
  digest: '1792141558'
}
⨯ SyntaxError: Unexpected token ''', "['مؤثثة','ع"... is not valid JSON
    at JSON.parse (<anonymous>)
    at <unknown> (src\lib\properties.ts:32:45)
    at Array.map (<anonymous>)
    at getAllProperties (src\lib\properties.ts:22:15)
    at Home (src\app\page.tsx:5:38)
  30 |     bathrooms: r.bathrooms as number,
  31 |     area: r.area as number,
> 32 |     tags: typeof r.tags === "string" ? JSON.parse(r.tags) : (r.tags as string[]),
     |                                             ^
  33 |     owner_name: (r.owner_name as string) || "",
  34 |     owner_phone: (r.owner_phone as string) || "",
  35 |     description: (r.description as string) || "", {
  digest: '1792141558'
}
⨯ SyntaxError: Unexpected token ''', "['مؤثثة','ع"... is not valid JSON
    at JSON.parse (<anonymous>)
    at <unknown> (src\lib\properties.ts:32:45)
    at Array.map (<anonymous>)
    at getAllProperties (src\lib\properties.ts:22:15)
    at Home (src\app\page.tsx:5:38)
  30 |     bathrooms: r.bathrooms as number,
  31 |     area: r.area as number,
> 32 |     tags: typeof r.tags === "string" ? JSON.parse(r.tags) : (r.tags as string[]),
     |                                             ^
  33 |     owner_name: (r.owner_name as string) || "",
  34 |     owner_phone: (r.owner_phone as string) || "",
  35 |     description: (r.description as string) || "", {
  digest: '1792141558'
}
⨯ SyntaxError: Unexpected token ''', "['مؤثثة','ع"... is not valid JSON
    at JSON.parse (<anonymous>)
    at <unknown> (src\lib\properties.ts:32:45)
    at Array.map (<anonymous>)
    at getAllProperties (src\lib\properties.ts:22:15)
    at Home (src\app\page.tsx:5:38)
  30 |     bathrooms: r.bathrooms as number,
  31 |     area: r.area as number,
> 32 |     tags: typeof r.tags === "string" ? JSON.parse(r.tags) : (r.tags as string[]),
     |                                             ^
  33 |     owner_name: (r.owner_name as string) || "",
  34 |     owner_phone: (r.owner_phone as string) || "",
  35 |     description: (r.description as string) || "", {
  digest: '1792141558'
}
[browser] THREE.Clock: This module has been deprecated. Please use THREE.Timer instead.
[browser] THREE.Clock: This module has been deprecated. Please use THREE.Timer instead.
[browser] THREE.Clock: This module has been deprecated. Please use THREE.Timer instead.
[browser] THREE.Clock: This module has been deprecated. Please use THREE.Timer instead.
[browser] THREE.Clock: This module has been deprecated. Please use THREE.Timer instead.
[browser] THREE.Clock: This module has been deprecated. Please use THREE.Timer instead.
[browser] THREE.Clock: This module has been deprecated. Please use THREE.Timer instead.
[browser] THREE.Clock: This module has been deprecated. Please use THREE.Timer instead.
[browser] THREE.Clock: This module has been deprecated. Please use THREE.Timer instead.
[browser] THREE.Clock: This module has been deprecated. Please use THREE.Timer instead.
[browser] THREE.Clock: This module has been deprecated. Please use THREE.Timer instead.
⚠ Fast Refresh had to perform a full reload due to a runtime error.
⚠ Fast Refresh had to perform a full reload due to a runtime error.
[browser] Uncaught Error: Element type is invalid. Received a promise that resolves to: [object Module]. Lazy element type must resolve to a class or function.
    at HomeContent (src/components/HomeContent.tsx:139:15)
    at Home (src\app\page.tsx:6:10)
  137 |           >
  138 |             <div className="rounded-[2rem] border border-white/20 bg-white/10 p-3 shadow-2xl backdrop-blur-xl">
> 139 |               <Scene3D />
      |               ^
  140 |             </div>
  141 |             <motion.div
  142 |               animate={{ y: [0, -10, 0] }}
[browser] ./src/components/Scene3D.tsx:198:16
Error: Expected '</', got '{'
  196 |         Array.from({ length: 5 }).map((_, i) => (
  197 |           <RoundedBox
> 198 |             key={${si}-}
      |                ^
  199 |             args={[0.08, bookHeights[si * 5 + i], 0.22]}
  200 |             radius={0.005}
  201 |             position={[-0.28 + i * 0.14, shelfY + bookHeights[si * 5 + i] / 2 + 0.02, 0.02]}

Parsing ecmascript source code failed

Import trace:
  Client Component Browser:
    ./src/components/Scene3D.tsx [Client Component Browser]
    ./src/components/HomeContent.tsx [Client Component Browser]
    ./src/components/HomeContent.tsx [Server Component]
    ./src/app/page.tsx [Server Component] 
[browser] ./src/components/Scene3D.tsx:198:16
Error: Expected '</', got '{'
  196 |         Array.from({ length: 5 }).map((_, i) => (
  197 |           <RoundedBox
> 198 |             key={${si}-}
      |                ^
  199 |             args={[0.08, bookHeights[si * 5 + i], 0.22]}
  200 |             radius={0.005}
  201 |             position={[-0.28 + i * 0.14, shelfY + bookHeights[si * 5 + i] / 2 + 0.02, 0.02]}

Parsing ecmascript source code failed

Import trace:
  Client Component Browser:
    ./src/components/Scene3D.tsx [Client Component Browser]
    ./src/components/HomeContent.tsx [Client Component Browser]
    ./src/components/HomeContent.tsx [Server Component]
    ./src/app/page.tsx [Server Component] 
[browser] ./src/components/Scene3D.tsx:198:16
Error: Expected '</', got '{'
  196 |         Array.from({ length: 5 }).map((_, i) => (
  197 |           <RoundedBox
> 198 |             key={${si}-}
      |                ^
  199 |             args={[0.08, bookHeights[si * 5 + i], 0.22]}
  200 |             radius={0.005}
  201 |             position={[-0.28 + i * 0.14, shelfY + bookHeights[si * 5 + i] / 2 + 0.02, 0.02]}

Parsing ecmascript source code failed

Import trace:
  Client Component Browser:
    ./src/components/Scene3D.tsx [Client Component Browser]
    ./src/components/HomeContent.tsx [Client Component Browser]
    ./src/components/HomeContent.tsx [Server Component]
    ./src/app/page.tsx [Server Component] 
[browser] ./src/components/Scene3D.tsx:198:16
Error: Expected '</', got '{'
  196 |         Array.from({ length: 5 }).map((_, i) => (
  197 |           <RoundedBox
> 198 |             key={${si}-}
      |                ^
  199 |             args={[0.08, bookHeights[si * 5 + i], 0.22]}
  200 |             radius={0.005}
  201 |             position={[-0.28 + i * 0.14, shelfY + bookHeights[si * 5 + i] / 2 + 0.02, 0.02]}

Parsing ecmascript source code failed

Import trace:
  Client Component Browser:
    ./src/components/Scene3D.tsx [Client Component Browser]
    ./src/components/HomeContent.tsx [Client Component Browser]
    ./src/components/HomeContent.tsx [Server Component]
    ./src/app/page.tsx [Server Component] 
[browser] ./src/components/Scene3D.tsx:198:16
Error: Expected '</', got '{'
  196 |         Array.from({ length: 5 }).map((_, i) => (
  197 |           <RoundedBox
> 198 |             key={${si}-}
      |                ^
  199 |             args={[0.08, bookHeights[si * 5 + i], 0.22]}
  200 |             radius={0.005}
  201 |             position={[-0.28 + i * 0.14, shelfY + bookHeights[si * 5 + i] / 2 + 0.02, 0.02]}

Parsing ecmascript source code failed

Import trace:
  Client Component Browser:
    ./src/components/Scene3D.tsx [Client Component Browser]
    ./src/components/HomeContent.tsx [Client Component Browser]
    ./src/components/HomeContent.tsx [Server Component]
    ./src/app/page.tsx [Server Component] 
[browser] ./src/components/Scene3D.tsx:198:16
Error: Expected '</', got '{'
  196 |         Array.from({ length: 5 }).map((_, i) => (
  197 |           <RoundedBox
> 198 |             key={${si}-}
      |                ^
  199 |             args={[0.08, bookHeights[si * 5 + i], 0.22]}
  200 |             radius={0.005}
  201 |             position={[-0.28 + i * 0.14, shelfY + bookHeights[si * 5 + i] / 2 + 0.02, 0.02]}

Parsing ecmascript source code failed

Import trace:
  Client Component Browser:
    ./src/components/Scene3D.tsx [Client Component Browser]
    ./src/components/HomeContent.tsx [Client Component Browser]
    ./src/components/HomeContent.tsx [Server Component]
    ./src/app/page.tsx [Server Component] 
[browser] ./src/components/Scene3D.tsx:198:16
Error: Expected '</', got '{'
  196 |         Array.from({ length: 5 }).map((_, i) => (
  197 |           <RoundedBox
> 198 |             key={${si}-}
      |                ^
  199 |             args={[0.08, bookHeights[si * 5 + i], 0.22]}
  200 |             radius={0.005}
  201 |             position={[-0.28 + i * 0.14, shelfY + bookHeights[si * 5 + i] / 2 + 0.02, 0.02]}

Parsing ecmascript source code failed

Import trace:
  Client Component Browser:
    ./src/components/Scene3D.tsx [Client Component Browser]
    ./src/components/HomeContent.tsx [Client Component Browser]
    ./src/components/HomeContent.tsx [Server Component]
    ./src/app/page.tsx [Server Component] 
[browser] ./src/components/Scene3D.tsx:198:16
Error: Expected '</', got '{'
  196 |         Array.from({ length: 5 }).map((_, i) => (
  197 |           <RoundedBox
> 198 |             key={${si}-}
      |                ^
  199 |             args={[0.08, bookHeights[si * 5 + i], 0.22]}
  200 |             radius={0.005}
  201 |             position={[-0.28 + i * 0.14, shelfY + bookHeights[si * 5 + i] / 2 + 0.02, 0.02]}

Parsing ecmascript source code failed

Import trace:
  Client Component Browser:
    ./src/components/Scene3D.tsx [Client Component Browser]
    ./src/components/HomeContent.tsx [Client Component Browser]
    ./src/components/HomeContent.tsx [Server Component]
    ./src/app/page.tsx [Server Component] 
[browser] ./src/components/Scene3D.tsx:198:16
Error: Expected '</', got '{'
  196 |         Array.from({ length: 5 }).map((_, i) => (
  197 |           <RoundedBox
> 198 |             key={${si}-}
      |                ^
  199 |             args={[0.08, bookHeights[si * 5 + i], 0.22]}
  200 |             radius={0.005}
  201 |             position={[-0.28 + i * 0.14, shelfY + bookHeights[si * 5 + i] / 2 + 0.02, 0.02]}

Parsing ecmascript source code failed

Import trace:
  Client Component Browser:
    ./src/components/Scene3D.tsx [Client Component Browser]
    ./src/components/HomeContent.tsx [Client Component Browser]
    ./src/components/HomeContent.tsx [Server Component]
    ./src/app/page.tsx [Server Component] 
[browser] ./src/components/Scene3D.tsx:198:16
Error: Expected '</', got '{'
  196 |         Array.from({ length: 5 }).map((_, i) => (
  197 |           <RoundedBox
> 198 |             key={${si}-}
      |                ^
  199 |             args={[0.08, bookHeights[si * 5 + i], 0.22]}
  200 |             radius={0.005}
  201 |             position={[-0.28 + i * 0.14, shelfY + bookHeights[si * 5 + i] / 2 + 0.02, 0.02]}

Parsing ecmascript source code failed

Import trace:
  Client Component Browser:
    ./src/components/Scene3D.tsx [Client Component Browser]
    ./src/components/HomeContent.tsx [Client Component Browser]
    ./src/components/HomeContent.tsx [Server Component]
    ./src/app/page.tsx [Server Component] 
[browser] ./src/components/Scene3D.tsx:198:16
Error: Expected '</', got '{'
  196 |         Array.from({ length: 5 }).map((_, i) => (
  197 |           <RoundedBox
> 198 |             key={${si}-}
      |                ^
  199 |             args={[0.08, bookHeights[si * 5 + i], 0.22]}
  200 |             radius={0.005}
  201 |             position={[-0.28 + i * 0.14, shelfY + bookHeights[si * 5 + i] / 2 + 0.02, 0.02]}

Parsing ecmascript source code failed

Import trace:
  Client Component Browser:
    ./src/components/Scene3D.tsx [Client Component Browser]
    ./src/components/HomeContent.tsx [Client Component Browser]
    ./src/components/HomeContent.tsx [Server Component]
    ./src/app/page.tsx [Server Component] 
[browser] ./src/components/Scene3D.tsx:198:16
Error: Expected '</', got '{'
  196 |         Array.from({ length: 5 }).map((_, i) => (
  197 |           <RoundedBox
> 198 |             key={${si}-}
      |                ^
  199 |             args={[0.08, bookHeights[si * 5 + i], 0.22]}
  200 |             radius={0.005}
  201 |             position={[-0.28 + i * 0.14, shelfY + bookHeights[si * 5 + i] / 2 + 0.02, 0.02]}

Parsing ecmascript source code failed

Import trace:
  Client Component Browser:
    ./src/components/Scene3D.tsx [Client Component Browser]
    ./src/components/HomeContent.tsx [Client Component Browser]
    ./src/components/HomeContent.tsx [Server Component]
    ./src/app/page.tsx [Server Component] 
[browser] ./src/components/Scene3D.tsx:198:16
Error: Expected '</', got '{'
  196 |         Array.from({ length: 5 }).map((_, i) => (
  197 |           <RoundedBox
> 198 |             key={${si}-}
      |                ^
  199 |             args={[0.08, bookHeights[si * 5 + i], 0.22]}
  200 |             radius={0.005}
  201 |             position={[-0.28 + i * 0.14, shelfY + bookHeights[si * 5 + i] / 2 + 0.02, 0.02]}

Parsing ecmascript source code failed

Import trace:
  Client Component Browser:
    ./src/components/Scene3D.tsx [Client Component Browser]
    ./src/components/HomeContent.tsx [Client Component Browser]
    ./src/components/HomeContent.tsx [Server Component]
    ./src/app/page.tsx [Server Component] 
[browser] ./src/components/Scene3D.tsx:198:16
Error: Expected '</', got '{'
  196 |         Array.from({ length: 5 }).map((_, i) => (
  197 |           <RoundedBox
> 198 |             key={${si}-}
      |                ^
  199 |             args={[0.08, bookHeights[si * 5 + i], 0.22]}
  200 |             radius={0.005}
  201 |             position={[-0.28 + i * 0.14, shelfY + bookHeights[si * 5 + i] / 2 + 0.02, 0.02]}

Parsing ecmascript source code failed

Import trace:
  Client Component Browser:
    ./src/components/Scene3D.tsx [Client Component Browser]
    ./src/components/HomeContent.tsx [Client Component Browser]
    ./src/components/HomeContent.tsx [Server Component]
    ./src/app/page.tsx [Server Component] 
[browser] ./src/components/Scene3D.tsx:198:16
Error: Expected '</', got '{'
  196 |         Array.from({ length: 5 }).map((_, i) => (
  197 |           <RoundedBox
> 198 |             key={${si}-}
      |                ^
  199 |             args={[0.08, bookHeights[si * 5 + i], 0.22]}
  200 |             radius={0.005}
  201 |             position={[-0.28 + i * 0.14, shelfY + bookHeights[si * 5 + i] / 2 + 0.02, 0.02]}

Parsing ecmascript source code failed

Import trace:
  Client Component Browser:
    ./src/components/Scene3D.tsx [Client Component Browser]
    ./src/components/HomeContent.tsx [Client Component Browser]
    ./src/components/HomeContent.tsx [Server Component]
    ./src/app/page.tsx [Server Component] 
⚠ Fast Refresh had to perform a full reload due to a runtime error.
⚠ Fast Refresh had to perform a full reload due to a runtime error.
[browser] THREE.Clock: This module has been deprecated. Please use THREE.Timer instead.
[browser] THREE.WebGLShadowMap: PCFSoftShadowMap has been deprecated. Using PCFShadowMap instead.
[browser] THREE.WebGLProgram: Program Info Log: (210,81-129): warning X4122: sum of 0.996094 and -2.98545e-017 cannot be represented accurately in double precision
(209,37-61): warning X4122: sum of 1 and -1.49272e-017 cannot be represented accurately in double precision
(210,82-106): warning X4122: sum of 1 and -1.49272e-017 cannot be represented accurately in double precision
(209,37-61): warning X4122: sum of 1 and -1.66644e-018 cannot be represented accurately in double precision
(210,82-106): warning X4122: sum of 1 and -1.66644e-018 cannot be represented accurately in double precision


 
[browser] THREE.Clock: This module has been deprecated. Please use THREE.Timer instead.
[browser] THREE.WebGLShadowMap: PCFSoftShadowMap has been deprecated. Using PCFShadowMap instead.
[browser] THREE.WebGLShadowMap: PCFSoftShadowMap has been deprecated. Using PCFShadowMap instead.
[browser] THREE.WebGLShadowMap: PCFSoftShadowMap has been deprecated. Using PCFShadowMap instead.
[browser] THREE.WebGLShadowMap: PCFSoftShadowMap has been deprecated. Using PCFShadowMap instead.
[browser] THREE.WebGLShadowMap: PCFSoftShadowMap has been deprecated. Using PCFShadowMap instead.
[browser] THREE.WebGLShadowMap: PCFSoftShadowMap has been deprecated. Using PCFShadowMap instead.
[browser] THREE.WebGLShadowMap: PCFSoftShadowMap has been deprecated. Using PCFShadowMap instead.
[browser] THREE.WebGLShadowMap: PCFSoftShadowMap has been deprecated. Using PCFShadowMap instead.
[browser] THREE.WebGLShadowMap: PCFSoftShadowMap has been deprecated. Using PCFShadowMap instead.
[browser] THREE.WebGLShadowMap: PCFSoftShadowMap has been deprecated. Using PCFShadowMap instead.
[browser] THREE.WebGLShadowMap: PCFSoftShadowMap has been deprecated. Using PCFShadowMap instead.
[browser] THREE.WebGLShadowMap: PCFSoftShadowMap has been deprecated. Using PCFShadowMap instead.
[browser] THREE.WebGLShadowMap: PCFSoftShadowMap has been deprecated. Using PCFShadowMap instead.
[browser] THREE.WebGLShadowMap: PCFSoftShadowMap has been deprecated. Using PCFShadowMap instead.
[browser] THREE.WebGLShadowMap: PCFSoftShadowMap has been deprecated. Using PCFShadowMap instead.
[browser] THREE.WebGLShadowMap: PCFSoftShadowMap has been deprecated. Using PCFShadowMap instead.
[browser] THREE.WebGLShadowMap: PCFSoftShadowMap has been deprecated. Using PCFShadowMap instead.
[browser] THREE.WebGLShadowMap: PCFSoftShadowMap has been deprecated. Using PCFShadowMap instead.
[browser] THREE.WebGLShadowMap: PCFSoftShadowMap has been deprecated. Using PCFShadowMap instead.
[browser] THREE.WebGLShadowMap: PCFSoftShadowMap has been deprecated. Using PCFShadowMap instead.
[browser] THREE.WebGLShadowMap: PCFSoftShadowMap has been deprecated. Using PCFShadowMap instead.
[browser] THREE.WebGLShadowMap: PCFSoftShadowMap has been deprecated. Using PCFShadowMap instead.
[browser] THREE.WebGLShadowMap: PCFSoftShadowMap has been deprecated. Using PCFShadowMap instead.
[browser] THREE.WebGLShadowMap: PCFSoftShadowMap has been deprecated. Using PCFShadowMap instead.
[browser] THREE.WebGLShadowMap: PCFSoftShadowMap has been deprecated. Using PCFShadowMap instead.
[browser] THREE.WebGLShadowMap: PCFSoftShadowMap has been deprecated. Using PCFShadowMap instead.
[browser] THREE.WebGLShadowMap: PCFSoftShadowMap has been deprecated. Using PCFShadowMap instead.
[browser] THREE.WebGLShadowMap: PCFSoftShadowMap has been deprecated. Using PCFShadowMap instead.
[browser] THREE.WebGLShadowMap: PCFSoftShadowMap has been deprecated. Using PCFShadowMap instead.
[browser] THREE.WebGLShadowMap: PCFSoftShadowMap has been deprecated. Using PCFShadowMap instead.
[browser] THREE.Clock: This module has been deprecated. Please use THREE.Timer instead.
[browser] THREE.WebGLShadowMap: PCFSoftShadowMap has been deprecated. Using PCFShadowMap instead.
⨯ ReferenceError: Building2 is not defined
    at HeroSection (src\components\HeroSection.tsx:115:21)
  113 |         >
  114 |           {[
> 115 |             { icon: Building2, value: "+500", label: "شقة متاحة" },
      |                     ^
  116 |             { icon: Users, value: "+10K", label: "طالب مسجل" },
  117 |             { icon: MapPin, value: "+20", label: "مدينة" },
  118 |           ].map((stat, i) => ( {
  digest: '7187506'
}
⨯ ReferenceError: Building2 is not defined
    at HeroSection (src\components\HeroSection.tsx:115:21)
  113 |         >
  114 |           {[
> 115 |             { icon: Building2, value: "+500", label: "شقة متاحة" },
      |                     ^
  116 |             { icon: Users, value: "+10K", label: "طالب مسجل" },
  117 |             { icon: MapPin, value: "+20", label: "مدينة" },
  118 |           ].map((stat, i) => ( {
  digest: '7187506'
}
⚠ Fast Refresh had to perform a full reload due to a runtime error.
⚠ Fast Refresh had to perform a full reload due to a runtime error.
⨯ ReferenceError: Building2 is not defined
    at HeroSection (src\components\HeroSection.tsx:115:21)
  113 |         >
  114 |           {[
> 115 |             { icon: Building2, value: "+500", label: "شقة متاحة" },
      |                     ^
  116 |             { icon: Users, value: "+10K", label: "طالب مسجل" },
  117 |             { icon: MapPin, value: "+20", label: "مدينة" },
  118 |           ].map((stat, i) => ( {
  digest: '7187506'
}
⨯ ReferenceError: Building2 is not defined
    at HeroSection (src\components\HeroSection.tsx:115:21)
  113 |         >
  114 |           {[
> 115 |             { icon: Building2, value: "+500", label: "شقة متاحة" },
      |                     ^
  116 |             { icon: Users, value: "+10K", label: "طالب مسجل" },
  117 |             { icon: MapPin, value: "+20", label: "مدينة" },
  118 |           ].map((stat, i) => ( {
  digest: '7187506'
}
[browser] Uncaught ReferenceError: Building2 is not defined
    at HeroSection (src/components/HeroSection.tsx:115:21)
    at HomeContent (src/components/HomeContent.tsx:45:7)
    at Home (src\app\page.tsx:6:10)
  113 |         >
  114 |           {[
> 115 |             { icon: Building2, value: "+500", label: "شقة متاحة" },
      |                     ^
  116 |             { icon: Users, value: "+10K", label: "طالب مسجل" },
  117 |             { icon: MapPin, value: "+20", label: "مدينة" },
  118 |           ].map((stat, i) => (
[browser] Uncaught ReferenceError: Building2 is not defined
    at HeroSection (src/components/HeroSection.tsx:115:21)
    at HomeContent (src/components/HomeContent.tsx:45:7)
    at Home (src\app\page.tsx:6:10)
  113 |         >
  114 |           {[
> 115 |             { icon: Building2, value: "+500", label: "شقة متاحة" },
      |                     ^
  116 |             { icon: Users, value: "+10K", label: "طالب مسجل" },
  117 |             { icon: MapPin, value: "+20", label: "مدينة" },
  118 |           ].map((stat, i) => (
[browser] Uncaught ReferenceError: Building2 is not defined
    at HeroSection (src/components/HeroSection.tsx:115:21)
    at HomeContent (src/components/HomeContent.tsx:45:7)
    at Home (src\app\page.tsx:6:10)
  113 |         >
  114 |           {[
> 115 |             { icon: Building2, value: "+500", label: "شقة متاحة" },
      |                     ^
  116 |             { icon: Users, value: "+10K", label: "طالب مسجل" },
  117 |             { icon: MapPin, value: "+20", label: "مدينة" },
  118 |           ].map((stat, i) => (
[browser] ./src/components/Scene3D.tsx:198:16
Error: Expected '</', got '{'
  196 |         Array.from({ length: 5 }).map((_, i) => (
  197 |           <RoundedBox
> 198 |             key={${si}-}
      |                ^
  199 |             args={[0.08, bookHeights[si * 5 + i], 0.22]}
  200 |             radius={0.005}
  201 |             position={[-0.28 + i * 0.14, shelfY + bookHeights[si * 5 + i] / 2 + 0.02, 0.02]}

Parsing ecmascript source code failed

Import trace:
  Client Component Browser:
    ./src/components/Scene3D.tsx [Client Component Browser]
    ./src/components/HomeContent.tsx [Client Component Browser]
    ./src/components/HomeContent.tsx [Server Component]
    ./src/app/page.tsx [Server Component] 
[browser] ./src/components/Scene3D.tsx:198:16
Error: Expected '</', got '{'
  196 |         Array.from({ length: 5 }).map((_, i) => (
  197 |           <RoundedBox
> 198 |             key={${si}-}
      |                ^
  199 |             args={[0.08, bookHeights[si * 5 + i], 0.22]}
  200 |             radius={0.005}
  201 |             position={[-0.28 + i * 0.14, shelfY + bookHeights[si * 5 + i] / 2 + 0.02, 0.02]}

Parsing ecmascript source code failed

Import trace:
  Client Component Browser:
    ./src/components/Scene3D.tsx [Client Component Browser]
    ./src/components/HomeContent.tsx [Client Component Browser]
    ./src/components/HomeContent.tsx [Server Component]
    ./src/app/page.tsx [Server Component] 
[browser] ./src/components/Scene3D.tsx:198:16
Error: Expected '</', got '{'
  196 |         Array.from({ length: 5 }).map((_, i) => (
  197 |           <RoundedBox
> 198 |             key={${si}-}
      |                ^
  199 |             args={[0.08, bookHeights[si * 5 + i], 0.22]}
  200 |             radius={0.005}
  201 |             position={[-0.28 + i * 0.14, shelfY + bookHeights[si * 5 + i] / 2 + 0.02, 0.02]}

Parsing ecmascript source code failed

Import trace:
  Client Component Browser:
    ./src/components/Scene3D.tsx [Client Component Browser]
    ./src/components/HomeContent.tsx [Client Component Browser]
    ./src/components/HomeContent.tsx [Server Component]
    ./src/app/page.tsx [Server Component] 
[browser] ./src/components/Scene3D.tsx:198:16
Error: Expected '</', got '{'
  196 |         Array.from({ length: 5 }).map((_, i) => (
  197 |           <RoundedBox
> 198 |             key={${si}-}
      |                ^
  199 |             args={[0.08, bookHeights[si * 5 + i], 0.22]}
  200 |             radius={0.005}
  201 |             position={[-0.28 + i * 0.14, shelfY + bookHeights[si * 5 + i] / 2 + 0.02, 0.02]}

Parsing ecmascript source code failed

Import trace:
  Client Component Browser:
    ./src/components/Scene3D.tsx [Client Component Browser]
    ./src/components/HomeContent.tsx [Client Component Browser]
    ./src/components/HomeContent.tsx [Server Component]
    ./src/app/page.tsx [Server Component] 
[browser] ./src/components/Scene3D.tsx:198:16
Error: Expected '</', got '{'
  196 |         Array.from({ length: 5 }).map((_, i) => (
  197 |           <RoundedBox
> 198 |             key={${si}-}
      |                ^
  199 |             args={[0.08, bookHeights[si * 5 + i], 0.22]}
  200 |             radius={0.005}
  201 |             position={[-0.28 + i * 0.14, shelfY + bookHeights[si * 5 + i] / 2 + 0.02, 0.02]}

Parsing ecmascript source code failed

Import trace:
  Client Component Browser:
    ./src/components/Scene3D.tsx [Client Component Browser]
    ./src/components/HomeContent.tsx [Client Component Browser]
    ./src/components/HomeContent.tsx [Server Component]
    ./src/app/page.tsx [Server Component] 
[browser] ./src/components/Scene3D.tsx:198:16
Error: Expected '</', got '{'
  196 |         Array.from({ length: 5 }).map((_, i) => (
  197 |           <RoundedBox
> 198 |             key={${si}-}
      |                ^
  199 |             args={[0.08, bookHeights[si * 5 + i], 0.22]}
  200 |             radius={0.005}
  201 |             position={[-0.28 + i * 0.14, shelfY + bookHeights[si * 5 + i] / 2 + 0.02, 0.02]}

Parsing ecmascript source code failed

Import trace:
  Client Component Browser:
    ./src/components/Scene3D.tsx [Client Component Browser]
    ./src/components/HomeContent.tsx [Client Component Browser]
    ./src/components/HomeContent.tsx [Server Component]
    ./src/app/page.tsx [Server Component] 
[browser] ./src/components/Scene3D.tsx:198:16
Error: Expected '</', got '{'
  196 |         Array.from({ length: 5 }).map((_, i) => (
  197 |           <RoundedBox
> 198 |             key={${si}-}
      |                ^
  199 |             args={[0.08, bookHeights[si * 5 + i], 0.22]}
  200 |             radius={0.005}
  201 |             position={[-0.28 + i * 0.14, shelfY + bookHeights[si * 5 + i] / 2 + 0.02, 0.02]}

Parsing ecmascript source code failed

Import trace:
  Client Component Browser:
    ./src/components/Scene3D.tsx [Client Component Browser]
    ./src/components/HomeContent.tsx [Client Component Browser]
    ./src/components/HomeContent.tsx [Server Component]
    ./src/app/page.tsx [Server Component] 
[browser] ./src/components/Scene3D.tsx:198:16
Error: Expected '</', got '{'
  196 |         Array.from({ length: 5 }).map((_, i) => (
  197 |           <RoundedBox
> 198 |             key={${si}-}
      |                ^
  199 |             args={[0.08, bookHeights[si * 5 + i], 0.22]}
  200 |             radius={0.005}
  201 |             position={[-0.28 + i * 0.14, shelfY + bookHeights[si * 5 + i] / 2 + 0.02, 0.02]}

Parsing ecmascript source code failed

Import trace:
  Client Component Browser:
    ./src/components/Scene3D.tsx [Client Component Browser]
    ./src/components/HomeContent.tsx [Client Component Browser]
    ./src/components/HomeContent.tsx [Server Component]
    ./src/app/page.tsx [Server Component] 
[browser] ./src/components/Scene3D.tsx:198:16
Error: Expected '</', got '{'
  196 |         Array.from({ length: 5 }).map((_, i) => (
  197 |           <RoundedBox
> 198 |             key={${si}-}
      |                ^
  199 |             args={[0.08, bookHeights[si * 5 + i], 0.22]}
  200 |             radius={0.005}
  201 |             position={[-0.28 + i * 0.14, shelfY + bookHeights[si * 5 + i] / 2 + 0.02, 0.02]}

Parsing ecmascript source code failed

Import trace:
  Client Component Browser:
    ./src/components/Scene3D.tsx [Client Component Browser]
    ./src/components/HomeContent.tsx [Client Component Browser]
    ./src/components/HomeContent.tsx [Server Component]
    ./src/app/page.tsx [Server Component] 
[browser] ./src/components/Scene3D.tsx:198:16
Error: Expected '</', got '{'
  196 |         Array.from({ length: 5 }).map((_, i) => (
  197 |           <RoundedBox
> 198 |             key={${si}-}
      |                ^
  199 |             args={[0.08, bookHeights[si * 5 + i], 0.22]}
  200 |             radius={0.005}
  201 |             position={[-0.28 + i * 0.14, shelfY + bookHeights[si * 5 + i] / 2 + 0.02, 0.02]}

Parsing ecmascript source code failed

Import trace:
  Client Component Browser:
    ./src/components/Scene3D.tsx [Client Component Browser]
    ./src/components/HomeContent.tsx [Client Component Browser]
    ./src/components/HomeContent.tsx [Server Component]
    ./src/app/page.tsx [Server Component] 
[browser] ./src/components/Scene3D.tsx:198:16
Error: Expected '</', got '{'
  196 |         Array.from({ length: 5 }).map((_, i) => (
  197 |           <RoundedBox
> 198 |             key={${si}-}
      |                ^
  199 |             args={[0.08, bookHeights[si * 5 + i], 0.22]}
  200 |             radius={0.005}
  201 |             position={[-0.28 + i * 0.14, shelfY + bookHeights[si * 5 + i] / 2 + 0.02, 0.02]}

Parsing ecmascript source code failed

Import trace:
  Client Component Browser:
    ./src/components/Scene3D.tsx [Client Component Browser]
    ./src/components/HomeContent.tsx [Client Component Browser]
    ./src/components/HomeContent.tsx [Server Component]
    ./src/app/page.tsx [Server Component] 
[browser] ./src/components/Scene3D.tsx:198:16
Error: Expected '</', got '{'
  196 |         Array.from({ length: 5 }).map((_, i) => (
  197 |           <RoundedBox
> 198 |             key={${si}-}
      |                ^
  199 |             args={[0.08, bookHeights[si * 5 + i], 0.22]}
  200 |             radius={0.005}
  201 |             position={[-0.28 + i * 0.14, shelfY + bookHeights[si * 5 + i] / 2 + 0.02, 0.02]}

Parsing ecmascript source code failed

Import trace:
  Client Component Browser:
    ./src/components/Scene3D.tsx [Client Component Browser]
    ./src/components/HomeContent.tsx [Client Component Browser]
    ./src/components/HomeContent.tsx [Server Component]
    ./src/app/page.tsx [Server Component] 
[browser] ./src/components/Scene3D.tsx:198:16
Error: Expected '</', got '{'
  196 |         Array.from({ length: 5 }).map((_, i) => (
  197 |           <RoundedBox
> 198 |             key={${si}-}
      |                ^
  199 |             args={[0.08, bookHeights[si * 5 + i], 0.22]}
  200 |             radius={0.005}
  201 |             position={[-0.28 + i * 0.14, shelfY + bookHeights[si * 5 + i] / 2 + 0.02, 0.02]}

Parsing ecmascript source code failed

Import trace:
  Client Component Browser:
    ./src/components/Scene3D.tsx [Client Component Browser]
    ./src/components/HomeContent.tsx [Client Component Browser]
    ./src/components/HomeContent.tsx [Server Component]
    ./src/app/page.tsx [Server Component] 
[browser] ./src/components/Scene3D.tsx:198:16
Error: Expected '</', got '{'
  196 |         Array.from({ length: 5 }).map((_, i) => (
  197 |           <RoundedBox
> 198 |             key={${si}-}
      |                ^
  199 |             args={[0.08, bookHeights[si * 5 + i], 0.22]}
  200 |             radius={0.005}
  201 |             position={[-0.28 + i * 0.14, shelfY + bookHeights[si * 5 + i] / 2 + 0.02, 0.02]}

Parsing ecmascript source code failed

Import trace:
  Client Component Browser:
    ./src/components/Scene3D.tsx [Client Component Browser]
    ./src/components/HomeContent.tsx [Client Component Browser]
    ./src/components/HomeContent.tsx [Server Component]
    ./src/app/page.tsx [Server Component] 
[browser] ./src/components/Scene3D.tsx:198:16
Error: Expected '</', got '{'
  196 |         Array.from({ length: 5 }).map((_, i) => (
  197 |           <RoundedBox
> 198 |             key={${si}-}
      |                ^
  199 |             args={[0.08, bookHeights[si * 5 + i], 0.22]}
  200 |             radius={0.005}
  201 |             position={[-0.28 + i * 0.14, shelfY + bookHeights[si * 5 + i] / 2 + 0.02, 0.02]}

Parsing ecmascript source code failed

Import trace:
  Client Component Browser:
    ./src/components/Scene3D.tsx [Client Component Browser]
    ./src/components/HomeContent.tsx [Client Component Browser]
    ./src/components/HomeContent.tsx [Server Component]
    ./src/app/page.tsx [Server Component] 
⨯ ReferenceError: Building2 is not defined
    at HeroSection (src\components\HeroSection.tsx:115:21)
  113 |         >
  114 |           {[
> 115 |             { icon: Building2, value: "+500", label: "شقة متاحة" },
      |                     ^
  116 |             { icon: Users, value: "+10K", label: "طالب مسجل" },
  117 |             { icon: MapPin, value: "+20", label: "مدينة" },
  118 |           ].map((stat, i) => ( {
  digest: '7187506'
}
[browser] Uncaught ReferenceError: Building2 is not defined
    at HeroSection (src/components/HeroSection.tsx:115:21)
    at HomeContent (src/components/HomeContent.tsx:45:7)
    at Home (src\app\page.tsx:6:10)
  113 |         >
  114 |           {[
> 115 |             { icon: Building2, value: "+500", label: "شقة متاحة" },
      |                     ^
  116 |             { icon: Users, value: "+10K", label: "طالب مسجل" },
  117 |             { icon: MapPin, value: "+20", label: "مدينة" },
  118 |           ].map((stat, i) => (
[browser] A tree hydrated but some attributes of the server rendered HTML didn't match the client properties. This won't be patched up. This can happen if a SSR-ed Client Component used:

- A server/client branch `if (typeof window !== 'undefined')`.
- Variable input such as `Date.now()` or `Math.random()` which changes each time it's called.
- Date formatting in a user's locale which doesn't match the server.
- External changing data without sending a snapshot of it along with the HTML.
- Invalid HTML tag nesting.

It can also happen if the client has a browser extension installed which messes with the HTML before React loaded.

https://react.dev/link/hydration-mismatch

  ...
    <RootLayout>
      <html lang="ar" dir="rtl" className="cairo_25e2...">
        ...
          <LoadingScreen onComplete={function onComplete}>
            <AnimatePresence>
              <PresenceChild isPresent={true} initial={undefined} custom={undefined} presenceAffectsLayout={true} ...>
                <PopChild pop={false} isPresent={true} anchorX="left" anchorY="top" root={undefined}>
                  <PopChildMeasure isPresent={true} childRef={{current:null}} sizeRef={{...}} pop={false}>
                    <motion.div initial={{opacity:1}} exit={{opacity:0, ...}} transition={{duration:0.5, ...}} ...>
                      <div className="fixed inse..." style={{opacity:1}} ref={function useMotionRef.useCallback}>
                        <div>
                        <motion.div>
                        <motion.h1>
                        <div>
                        <motion.div className="absolute h..." initial={{...}} animate={{y:[...], ...}} transition={{...}}>
                          <div
                            className="absolute h-1 w-1 rounded-full bg-fuchsia-400/40"
                            style={{
+                             opacity: 0
-                             opacity: "0"
+                             transform: "translateX(73.90583021649496px) translateY(-45.38320609024487px)"
-                             transform: "translateX(48.1956px) translateY(112.804px)"
                            }}
                            ref={function useMotionRef.useCallback}
                          >
                        <motion.div className="absolute h..." initial={{...}} animate={{y:[...], ...}} transition={{...}}>
                          <div
                            className="absolute h-1 w-1 rounded-full bg-fuchsia-400/40"
                            style={{
+                             opacity: 0
-                             opacity: "0"
+                             transform: "translateX(173.75008033600437px) translateY(161.3798083208884px)"
-                             transform: "translateX(142.545px) translateY(-121.709px)"
                            }}
                            ref={function useMotionRef.useCallback}
                          >
                        <motion.div className="absolute h..." initial={{...}} animate={{y:[...], ...}} transition={{...}}>
                          <div
                            className="absolute h-1 w-1 rounded-full bg-fuchsia-400/40"
                            style={{
+                             opacity: 0
-                             opacity: "0"
+                             transform: "translateX(-184.60502116985737px) translateY(-57.61460030205865px)"
-                             transform: "translateX(56.1753px) translateY(100.51px)"
                            }}
                            ref={function useMotionRef.useCallback}
                          >
                        <motion.div className="absolute h..." initial={{...}} animate={{y:[...], ...}} transition={{...}}>
                          <div
                            className="absolute h-1 w-1 rounded-full bg-fuchsia-400/40"
                            style={{
+                             opacity: 0
-                             opacity: "0"
+                             transform: "translateX(124.40514797089918px) translateY(-102.07445293885789px)"
-                             transform: "translateX(118.548px) translateY(-87.4664px)"
                            }}
                            ref={function useMotionRef.useCallback}
                          >
                        <motion.div className="absolute h..." initial={{...}} animate={{y:[...], ...}} transition={{...}}>
                          <div
                            className="absolute h-1 w-1 rounded-full bg-fuchsia-400/40"
                            style={{
+                             opacity: 0
-                             opacity: "0"
+                             transform: "translateX(58.24342454070563px) translateY(117.17147638331573px)"
-                             transform: "translateX(106.169px) translateY(-63.8931px)"
                            }}
                            ref={function useMotionRef.useCallback}
                          >
                        <motion.div className="absolute h..." initial={{...}} animate={{y:[...], ...}} transition={{...}}>
                          <div
                            className="absolute h-1 w-1 rounded-full bg-fuchsia-400/40"
                            style={{
+                             opacity: 0
-                             opacity: "0"
+                             transform: "translateX(179.3047789151159px) translateY(-123.60733835463589px)"
-                             transform: "translateX(64.4515px) translateY(23.2038px)"
                            }}
                            ref={function useMotionRef.useCallback}
                          >
 
[browser] A tree hydrated but some attributes of the server rendered HTML didn't match the client properties. This won't be patched up. This can happen if a SSR-ed Client Component used:

- A server/client branch `if (typeof window !== 'undefined')`.
- Variable input such as `Date.now()` or `Math.random()` which changes each time it's called.
- Date formatting in a user's locale which doesn't match the server.
- External changing data without sending a snapshot of it along with the HTML.
- Invalid HTML tag nesting.

It can also happen if the client has a browser extension installed which messes with the HTML before React loaded.

https://react.dev/link/hydration-mismatch

  ...
    <RootLayout>
      <html lang="ar" dir="rtl" className="cairo_25e2...">
        ...
          <LoadingScreen onComplete={function onComplete}>
            <AnimatePresence>
              <PresenceChild isPresent={true} initial={undefined} custom={undefined} presenceAffectsLayout={true} ...>
                <PopChild pop={false} isPresent={true} anchorX="left" anchorY="top" root={undefined}>
                  <PopChildMeasure isPresent={true} childRef={{current:null}} sizeRef={{...}} pop={false}>
                    <motion.div initial={{opacity:1}} exit={{opacity:0, ...}} transition={{duration:0.5, ...}} ...>
                      <div className="fixed inse..." style={{opacity:1}} ref={function useMotionRef.useCallback}>
                        <div>
                        <motion.div>
                        <motion.h1>
                        <div>
                        <motion.div className="absolute h..." initial={{...}} animate={{y:[...], ...}} transition={{...}}>
                          <div
                            className="absolute h-1 w-1 rounded-full bg-fuchsia-400/40"
                            style={{
+                             opacity: 0
-                             opacity: "0"
+                             transform: "translateX(-22.20993874202142px) translateY(157.48131845484767px)"
-                             transform: "translateX(-188.013px) translateY(-146.756px)"
                            }}
                            ref={function useMotionRef.useCallback}
                          >
                        <motion.div className="absolute h..." initial={{...}} animate={{y:[...], ...}} transition={{...}}>
                          <div
                            className="absolute h-1 w-1 rounded-full bg-fuchsia-400/40"
                            style={{
+                             opacity: 0
-                             opacity: "0"
+                             transform: "translateX(-165.86590916307355px) translateY(38.73525197426915px)"
-                             transform: "translateX(-122.225px) translateY(34.394px)"
                            }}
                            ref={function useMotionRef.useCallback}
                          >
                        <motion.div className="absolute h..." initial={{...}} animate={{y:[...], ...}} transition={{...}}>
                          <div
                            className="absolute h-1 w-1 rounded-full bg-fuchsia-400/40"
                            style={{
+                             opacity: 0
-                             opacity: "0"
+                             transform: "translateX(119.10025350209685px) translateY(-77.99275293470815px)"
-                             transform: "translateX(174.253px) translateY(165.038px)"
                            }}
                            ref={function useMotionRef.useCallback}
                          >
                        <motion.div className="absolute h..." initial={{...}} animate={{y:[...], ...}} transition={{...}}>
                          <div
                            className="absolute h-1 w-1 rounded-full bg-fuchsia-400/40"
                            style={{
+                             opacity: 0
-                             opacity: "0"
+                             transform: "translateX(1.4963572052521101px) translateY(25.989128591822066px)"
-                             transform: "translateX(191.806px) translateY(147.337px)"
                            }}
                            ref={function useMotionRef.useCallback}
                          >
                        <motion.div className="absolute h..." initial={{...}} animate={{y:[...], ...}} transition={{...}}>
                          <div
                            className="absolute h-1 w-1 rounded-full bg-fuchsia-400/40"
                            style={{
+                             opacity: 0
-                             opacity: "0"
+                             transform: "translateX(181.6665840488991px) translateY(-87.73399553198806px)"
-                             transform: "translateX(136.56px) translateY(125.515px)"
                            }}
                            ref={function useMotionRef.useCallback}
                          >
                        <motion.div className="absolute h..." initial={{...}} animate={{y:[...], ...}} transition={{...}}>
                          <div
                            className="absolute h-1 w-1 rounded-full bg-fuchsia-400/40"
                            style={{
+                             opacity: 0
-                             opacity: "0"
+                             transform: "translateX(-118.536953723393px) translateY(41.48915278261697px)"
-                             transform: "translateX(-29.7365px) translateY(-189.749px)"
                            }}
                            ref={function useMotionRef.useCallback}
                          >
 
[browser] A tree hydrated but some attributes of the server rendered HTML didn't match the client properties. This won't be patched up. This can happen if a SSR-ed Client Component used:

- A server/client branch `if (typeof window !== 'undefined')`.
- Variable input such as `Date.now()` or `Math.random()` which changes each time it's called.
- Date formatting in a user's locale which doesn't match the server.
- External changing data without sending a snapshot of it along with the HTML.
- Invalid HTML tag nesting.

It can also happen if the client has a browser extension installed which messes with the HTML before React loaded.

https://react.dev/link/hydration-mismatch

  ...
    <RootLayout>
      <html lang="ar" dir="rtl" className="cairo_25e2...">
        ...
          <LoadingScreen onComplete={function onComplete}>
            <AnimatePresence>
              <PresenceChild isPresent={true} initial={undefined} custom={undefined} presenceAffectsLayout={true} ...>
                <PopChild pop={false} isPresent={true} anchorX="left" anchorY="top" root={undefined}>
                  <PopChildMeasure isPresent={true} childRef={{current:null}} sizeRef={{...}} pop={false}>
                    <motion.div initial={{opacity:1}} exit={{opacity:0, ...}} transition={{duration:0.5, ...}} ...>
                      <div className="fixed inse..." style={{opacity:1}} ref={function useMotionRef.useCallback}>
                        <div>
                        <motion.div>
                        <motion.h1>
                        <div>
                        <motion.div className="absolute h..." initial={{...}} animate={{y:[...], ...}} transition={{...}}>
                          <div
                            className="absolute h-1 w-1 rounded-full bg-fuchsia-400/40"
                            style={{
+                             opacity: 0
-                             opacity: "0"
+                             transform: "translateX(-133.0483150526483px) translateY(-195.88964713367076px)"
-                             transform: "translateX(-125.3px) translateY(79.8246px)"
                            }}
                            ref={function useMotionRef.useCallback}
                          >
                        <motion.div className="absolute h..." initial={{...}} animate={{y:[...], ...}} transition={{...}}>
                          <div
                            className="absolute h-1 w-1 rounded-full bg-fuchsia-400/40"
                            style={{
+                             opacity: 0
-                             opacity: "0"
+                             transform: "translateX(146.82064157553037px) translateY(-169.7036399417122px)"
-                             transform: "translateX(-41.5397px) translateY(31.0331px)"
                            }}
                            ref={function useMotionRef.useCallback}
                          >
                        <motion.div className="absolute h..." initial={{...}} animate={{y:[...], ...}} transition={{...}}>
                          <div
                            className="absolute h-1 w-1 rounded-full bg-fuchsia-400/40"
                            style={{
+                             opacity: 0
-                             opacity: "0"
+                             transform: "translateX(43.47902556880206px) translateY(-174.66485427940592px)"
-                             transform: "translateX(137.929px) translateY(-140.655px)"
                            }}
                            ref={function useMotionRef.useCallback}
                          >
                        <motion.div className="absolute h..." initial={{...}} animate={{y:[...], ...}} transition={{...}}>
                          <div
                            className="absolute h-1 w-1 rounded-full bg-fuchsia-400/40"
                            style={{
+                             opacity: 0
-                             opacity: "0"
+                             transform: "translateX(-18.928841434985202px) translateY(-74.48893614120742px)"
-                             transform: "translateX(170.518px) translateY(196.778px)"
                            }}
                            ref={function useMotionRef.useCallback}
                          >
                        <motion.div className="absolute h..." initial={{...}} animate={{y:[...], ...}} transition={{...}}>
                          <div
                            className="absolute h-1 w-1 rounded-full bg-fuchsia-400/40"
                            style={{
+                             opacity: 0
-                             opacity: "0"
+                             transform: "translateX(38.286093028986386px) translateY(76.08886511587878px)"
-                             transform: "translateX(-163.876px) translateY(-53.1008px)"
                            }}
                            ref={function useMotionRef.useCallback}
                          >
                        <motion.div className="absolute h..." initial={{...}} animate={{y:[...], ...}} transition={{...}}>
                          <div
                            className="absolute h-1 w-1 rounded-full bg-fuchsia-400/40"
                            style={{
+                             opacity: 0
-                             opacity: "0"
+                             transform: "translateX(40.115799809178526px) translateY(2.190278535726975px)"
-                             transform: "translateX(158.681px) translateY(121.79px)"
                            }}
                            ref={function useMotionRef.useCallback}
                          >
 
[browser] A tree hydrated but some attributes of the server rendered HTML didn't match the client properties. This won't be patched up. This can happen if a SSR-ed Client Component used:

- A server/client branch `if (typeof window !== 'undefined')`.
- Variable input such as `Date.now()` or `Math.random()` which changes each time it's called.
- Date formatting in a user's locale which doesn't match the server.
- External changing data without sending a snapshot of it along with the HTML.
- Invalid HTML tag nesting.

It can also happen if the client has a browser extension installed which messes with the HTML before React loaded.

https://react.dev/link/hydration-mismatch

  ...
    <RootLayout>
      <html lang="ar" dir="rtl" className="cairo_25e2...">
        ...
          <LoadingScreen onComplete={function onComplete}>
            <AnimatePresence>
              <PresenceChild isPresent={true} initial={undefined} custom={undefined} presenceAffectsLayout={true} ...>
                <PopChild pop={false} isPresent={true} anchorX="left" anchorY="top" root={undefined}>
                  <PopChildMeasure isPresent={true} childRef={{current:null}} sizeRef={{...}} pop={false}>
                    <motion.div initial={{opacity:1}} exit={{opacity:0, ...}} transition={{duration:0.5, ...}} ...>
                      <div className="fixed inse..." style={{opacity:1}} ref={function useMotionRef.useCallback}>
                        <div>
                        <motion.div>
                        <motion.h1>
                        <div>
                        <motion.div className="absolute h..." initial={{...}} animate={{y:[...], ...}} transition={{...}}>
                          <div
                            className="absolute h-1 w-1 rounded-full bg-fuchsia-400/40"
                            style={{
+                             opacity: 0
-                             opacity: "0"
+                             transform: "translateX(-151.86210425371303px) translateY(49.46517517048002px)"
-                             transform: "translateX(198.726px) translateY(173.656px)"
                            }}
                            ref={function useMotionRef.useCallback}
                          >
                        <motion.div className="absolute h..." initial={{...}} animate={{y:[...], ...}} transition={{...}}>
                          <div
                            className="absolute h-1 w-1 rounded-full bg-fuchsia-400/40"
                            style={{
+                             opacity: 0
-                             opacity: "0"
+                             transform: "translateX(-8.755302191849353px) translateY(59.96942514055996px)"
-                             transform: "translateX(-97.0011px) translateY(132.607px)"
                            }}
                            ref={function useMotionRef.useCallback}
                          >
                        <motion.div className="absolute h..." initial={{...}} animate={{y:[...], ...}} transition={{...}}>
                          <div
                            className="absolute h-1 w-1 rounded-full bg-fuchsia-400/40"
                            style={{
+                             opacity: 0
-                             opacity: "0"
+                             transform: "translateX(-164.9929701231683px) translateY(86.33613670830175px)"
-                             transform: "translateX(24.9712px) translateY(-179.377px)"
                            }}
                            ref={function useMotionRef.useCallback}
                          >
                        <motion.div className="absolute h..." initial={{...}} animate={{y:[...], ...}} transition={{...}}>
                          <div
                            className="absolute h-1 w-1 rounded-full bg-fuchsia-400/40"
                            style={{
+                             opacity: 0
-                             opacity: "0"
+                             transform: "translateX(-19.553893290503368px) translateY(162.41613623448956px)"
-                             transform: "translateX(92.9536px) translateY(-4.48791px)"
                            }}
                            ref={function useMotionRef.useCallback}
                          >
                        <motion.div className="absolute h..." initial={{...}} animate={{y:[...], ...}} transition={{...}}>
                          <div
                            className="absolute h-1 w-1 rounded-full bg-fuchsia-400/40"
                            style={{
+                             opacity: 0
-                             opacity: "0"
+                             transform: "translateX(-132.59468689371033px) translateY(178.63586024332693px)"
-                             transform: "translateX(-96.8897px) translateY(46.8217px)"
                            }}
                            ref={function useMotionRef.useCallback}
                          >
                        <motion.div className="absolute h..." initial={{...}} animate={{y:[...], ...}} transition={{...}}>
                          <div
                            className="absolute h-1 w-1 rounded-full bg-fuchsia-400/40"
                            style={{
+                             opacity: 0
-                             opacity: "0"
+                             transform: "translateX(-144.34104816725286px) translateY(-55.20506569460076px)"
-                             transform: "translateX(29.9136px) translateY(77.1076px)"
                            }}
                            ref={function useMotionRef.useCallback}
                          >
 
[browser] A tree hydrated but some attributes of the server rendered HTML didn't match the client properties. This won't be patched up. This can happen if a SSR-ed Client Component used:

- A server/client branch `if (typeof window !== 'undefined')`.
- Variable input such as `Date.now()` or `Math.random()` which changes each time it's called.
- Date formatting in a user's locale which doesn't match the server.
- External changing data without sending a snapshot of it along with the HTML.
- Invalid HTML tag nesting.

It can also happen if the client has a browser extension installed which messes with the HTML before React loaded.

https://react.dev/link/hydration-mismatch

  ...
    <RootLayout>
      <html lang="ar" dir="rtl" className="cairo_25e2...">
        ...
          <LoadingScreen onComplete={function onComplete}>
            <AnimatePresence>
              <PresenceChild isPresent={true} initial={undefined} custom={undefined} presenceAffectsLayout={true} ...>
                <PopChild pop={false} isPresent={true} anchorX="left" anchorY="top" root={undefined}>
                  <PopChildMeasure isPresent={true} childRef={{current:null}} sizeRef={{...}} pop={false}>
                    <motion.div initial={{opacity:1}} exit={{opacity:0, ...}} transition={{duration:0.5, ...}} ...>
                      <div className="fixed inse..." style={{opacity:1}} ref={function useMotionRef.useCallback}>
                        <div>
                        <motion.div>
                        <motion.h1>
                        <div>
                        <motion.div className="absolute h..." initial={{...}} animate={{y:[...], ...}} transition={{...}}>
                          <div
                            className="absolute h-1 w-1 rounded-full bg-fuchsia-400/40"
                            style={{
+                             opacity: 0
-                             opacity: "0"
+                             transform: "translateX(-86.9435728828674px) translateY(128.69788359182365px)"
-                             transform: "translateX(69.0101px) translateY(149.773px)"
                            }}
                            ref={function useMotionRef.useCallback}
                          >
                        <motion.div className="absolute h..." initial={{...}} animate={{y:[...], ...}} transition={{...}}>
                          <div
                            className="absolute h-1 w-1 rounded-full bg-fuchsia-400/40"
                            style={{
+                             opacity: 0
-                             opacity: "0"
+                             transform: "translateX(-132.38762580030902px) translateY(-7.637350729077724px)"
-                             transform: "translateX(1.31015px) translateY(172.644px)"
                            }}
                            ref={function useMotionRef.useCallback}
                          >
                        <motion.div className="absolute h..." initial={{...}} animate={{y:[...], ...}} transition={{...}}>
                          <div
                            className="absolute h-1 w-1 rounded-full bg-fuchsia-400/40"
                            style={{
+                             opacity: 0
-                             opacity: "0"
+                             transform: "translateX(45.30910308258123px) translateY(-74.9480973027873px)"
-                             transform: "translateX(60.5463px) translateY(9.59169px)"
                            }}
                            ref={function useMotionRef.useCallback}
                          >
                        <motion.div className="absolute h..." initial={{...}} animate={{y:[...], ...}} transition={{...}}>
                          <div
                            className="absolute h-1 w-1 rounded-full bg-fuchsia-400/40"
                            style={{
+                             opacity: 0
-                             opacity: "0"
+                             transform: "translateX(-118.06318672117185px) translateY(139.9454141952532px)"
-                             transform: "translateX(-29.5792px) translateY(-171.575px)"
                            }}
                            ref={function useMotionRef.useCallback}
                          >
                        <motion.div className="absolute h..." initial={{...}} animate={{y:[...], ...}} transition={{...}}>
                          <div
                            className="absolute h-1 w-1 rounded-full bg-fuchsia-400/40"
                            style={{
+                             opacity: 0
-                             opacity: "0"
+                             transform: "translateX(169.88302391797373px) translateY(76.96619518998517px)"
-                             transform: "translateX(94.7732px) translateY(85.6927px)"
                            }}
                            ref={function useMotionRef.useCallback}
                          >
                        <motion.div className="absolute h..." initial={{...}} animate={{y:[...], ...}} transition={{...}}>
                          <div
                            className="absolute h-1 w-1 rounded-full bg-fuchsia-400/40"
                            style={{
+                             opacity: 0
-                             opacity: "0"
+                             transform: "translateX(10.686893978919983px) translateY(-17.491011663904203px)"
-                             transform: "translateX(10.5845px) translateY(169.212px)"
                            }}
                            ref={function useMotionRef.useCallback}
                          >
 
[browser] THREE.Clock: This module has been deprecated. Please use THREE.Timer instead.
[browser] THREE.WebGLShadowMap: PCFSoftShadowMap has been deprecated. Using PCFShadowMap instead.
[browser] A tree hydrated but some attributes of the server rendered HTML didn't match the client properties. This won't be patched up. This can happen if a SSR-ed Client Component used:

- A server/client branch `if (typeof window !== 'undefined')`.
- Variable input such as `Date.now()` or `Math.random()` which changes each time it's called.
- Date formatting in a user's locale which doesn't match the server.
- External changing data without sending a snapshot of it along with the HTML.
- Invalid HTML tag nesting.

It can also happen if the client has a browser extension installed which messes with the HTML before React loaded.

https://react.dev/link/hydration-mismatch

  ...
    <RootLayout>
      <html lang="ar" dir="rtl" className="cairo_25e2...">
        ...
          <LoadingScreen onComplete={function onComplete}>
            <AnimatePresence>
              <PresenceChild isPresent={true} initial={undefined} custom={undefined} presenceAffectsLayout={true} ...>
                <PopChild pop={false} isPresent={true} anchorX="left" anchorY="top" root={undefined}>
                  <PopChildMeasure isPresent={true} childRef={{current:null}} sizeRef={{...}} pop={false}>
                    <motion.div initial={{opacity:1}} exit={{opacity:0, ...}} transition={{duration:0.5, ...}} ...>
                      <div className="fixed inse..." style={{opacity:1}} ref={function useMotionRef.useCallback}>
                        <div>
                        <motion.div>
                        <motion.h1>
                        <div>
                        <motion.div className="absolute h..." initial={{...}} animate={{y:[...], ...}} transition={{...}}>
                          <div
                            className="absolute h-1 w-1 rounded-full bg-fuchsia-400/40"
                            style={{
+                             opacity: 0
-                             opacity: "0"
+                             transform: "translateX(-80.55089796726466px) translateY(-21.022611730517838px)"
-                             transform: "translateX(-137.578px) translateY(22.6225px)"
                            }}
                            ref={function useMotionRef.useCallback}
                          >
                        <motion.div className="absolute h..." initial={{...}} animate={{y:[...], ...}} transition={{...}}>
                          <div
                            className="absolute h-1 w-1 rounded-full bg-fuchsia-400/40"
                            style={{
+                             opacity: 0
-                             opacity: "0"
+                             transform: "translateX(61.57338982497441px) translateY(74.4551814920398px)"
-                             transform: "translateX(-24.552px) translateY(41.9101px)"
                            }}
                            ref={function useMotionRef.useCallback}
                          >
                        <motion.div className="absolute h..." initial={{...}} animate={{y:[...], ...}} transition={{...}}>
                          <div
                            className="absolute h-1 w-1 rounded-full bg-fuchsia-400/40"
                            style={{
+                             opacity: 0
-                             opacity: "0"
+                             transform: "translateX(43.74931679345161px) translateY(2.0158410031788776px)"
-                             transform: "translateX(44.1126px) translateY(74.9832px)"
                            }}
                            ref={function useMotionRef.useCallback}
                          >
                        <motion.div className="absolute h..." initial={{...}} animate={{y:[...], ...}} transition={{...}}>
                          <div
                            className="absolute h-1 w-1 rounded-full bg-fuchsia-400/40"
                            style={{
+                             opacity: 0
-                             opacity: "0"
+                             transform: "translateX(93.90035028914173px) translateY(-189.20756445728665px)"
-                             transform: "translateX(-122.915px) translateY(141.799px)"
                            }}
                            ref={function useMotionRef.useCallback}
                          >
                        <motion.div className="absolute h..." initial={{...}} animate={{y:[...], ...}} transition={{...}}>
                          <div
                            className="absolute h-1 w-1 rounded-full bg-fuchsia-400/40"
                            style={{
+                             opacity: 0
-                             opacity: "0"
+                             transform: "translateX(-3.7783701943783967px) translateY(-152.31027331721555px)"
-                             transform: "translateX(119.888px) translateY(152.66px)"
                            }}
                            ref={function useMotionRef.useCallback}
                          >
                        <motion.div className="absolute h..." initial={{...}} animate={{y:[...], ...}} transition={{...}}>
                          <div
                            className="absolute h-1 w-1 rounded-full bg-fuchsia-400/40"
                            style={{
+                             opacity: 0
-                             opacity: "0"
+                             transform: "translateX(127.52620608423382px) translateY(-3.3285939752989293px)"
-                             transform: "translateX(-180.695px) translateY(179.08px)"
                            }}
                            ref={function useMotionRef.useCallback}
                          >
 
[browser] THREE.Clock: This module has been deprecated. Please use THREE.Timer instead.
[browser] THREE.WebGLShadowMap: PCFSoftShadowMap has been deprecated. Using PCFShadowMap instead.
[browser] THREE.WebGLShadowMap: PCFSoftShadowMap has been deprecated. Using PCFShadowMap instead.
[browser] THREE.WebGLShadowMap: PCFSoftShadowMap has been deprecated. Using PCFShadowMap instead.
[browser] THREE.WebGLShadowMap: PCFSoftShadowMap has been deprecated. Using PCFShadowMap instead.
[browser] THREE.WebGLShadowMap: PCFSoftShadowMap has been deprecated. Using PCFShadowMap instead.
[browser] THREE.WebGLShadowMap: PCFSoftShadowMap has been deprecated. Using PCFShadowMap instead.
[browser] THREE.WebGLShadowMap: PCFSoftShadowMap has been deprecated. Using PCFShadowMap instead.
[browser] THREE.WebGLShadowMap: PCFSoftShadowMap has been deprecated. Using PCFShadowMap instead.
[browser] THREE.WebGLShadowMap: PCFSoftShadowMap has been deprecated. Using PCFShadowMap instead.
[browser] THREE.WebGLShadowMap: PCFSoftShadowMap has been deprecated. Using PCFShadowMap instead.
[browser] THREE.WebGLShadowMap: PCFSoftShadowMap has been deprecated. Using PCFShadowMap instead.
[browser] THREE.WebGLShadowMap: PCFSoftShadowMap has been deprecated. Using PCFShadowMap instead.
[browser] THREE.WebGLShadowMap: PCFSoftShadowMap has been deprecated. Using PCFShadowMap instead.
[browser] THREE.WebGLShadowMap: PCFSoftShadowMap has been deprecated. Using PCFShadowMap instead.
[browser] THREE.WebGLShadowMap: PCFSoftShadowMap has been deprecated. Using PCFShadowMap instead.
[browser] THREE.WebGLShadowMap: PCFSoftShadowMap has been deprecated. Using PCFShadowMap instead.
[browser] THREE.WebGLShadowMap: PCFSoftShadowMap has been deprecated. Using PCFShadowMap instead.
[browser] THREE.WebGLShadowMap: PCFSoftShadowMap has been deprecated. Using PCFShadowMap instead.
[browser] THREE.WebGLShadowMap: PCFSoftShadowMap has been deprecated. Using PCFShadowMap instead.
[browser] THREE.WebGLShadowMap: PCFSoftShadowMap has been deprecated. Using PCFShadowMap instead.
[browser] THREE.WebGLShadowMap: PCFSoftShadowMap has been deprecated. Using PCFShadowMap instead.
[browser] THREE.WebGLShadowMap: PCFSoftShadowMap has been deprecated. Using PCFShadowMap instead.
[browser] THREE.WebGLShadowMap: PCFSoftShadowMap has been deprecated. Using PCFShadowMap instead.
[browser] THREE.WebGLShadowMap: PCFSoftShadowMap has been deprecated. Using PCFShadowMap instead.
[browser] THREE.WebGLShadowMap: PCFSoftShadowMap has been deprecated. Using PCFShadowMap instead.
[browser] THREE.WebGLShadowMap: PCFSoftShadowMap has been deprecated. Using PCFShadowMap instead.
[browser] THREE.WebGLShadowMap: PCFSoftShadowMap has been deprecated. Using PCFShadowMap instead.
[browser] THREE.WebGLShadowMap: PCFSoftShadowMap has been deprecated. Using PCFShadowMap instead.
[browser] THREE.WebGLShadowMap: PCFSoftShadowMap has been deprecated. Using PCFShadowMap instead.
[browser] THREE.WebGLShadowMap: PCFSoftShadowMap has been deprecated. Using PCFShadowMap instead.
[browser] THREE.WebGLShadowMap: PCFSoftShadowMap has been deprecated. Using PCFShadowMap instead.
[browser] THREE.WebGLShadowMap: PCFSoftShadowMap has been deprecated. Using PCFShadowMap instead.
[browser] THREE.WebGLShadowMap: PCFSoftShadowMap has been deprecated. Using PCFShadowMap instead.
[browser] THREE.WebGLShadowMap: PCFSoftShadowMap has been deprecated. Using PCFShadowMap instead.
[browser] THREE.WebGLShadowMap: PCFSoftShadowMap has been deprecated. Using PCFShadowMap instead.
[browser] THREE.WebGLShadowMap: PCFSoftShadowMap has been deprecated. Using PCFShadowMap instead.
[browser] THREE.WebGLShadowMap: PCFSoftShadowMap has been deprecated. Using PCFShadowMap instead.
[browser] THREE.WebGLShadowMap: PCFSoftShadowMap has been deprecated. Using PCFShadowMap instead.
[browser] THREE.WebGLShadowMap: PCFSoftShadowMap has been deprecated. Using PCFShadowMap instead.
[browser] THREE.WebGLShadowMap: PCFSoftShadowMap has been deprecated. Using PCFShadowMap instead.
[browser] THREE.WebGLShadowMap: PCFSoftShadowMap has been deprecated. Using PCFShadowMap instead.
[browser] THREE.WebGLShadowMap: PCFSoftShadowMap has been deprecated. Using PCFShadowMap instead.
[browser] THREE.WebGLShadowMap: PCFSoftShadowMap has been deprecated. Using PCFShadowMap instead.
[browser] THREE.WebGLShadowMap: PCFSoftShadowMap has been deprecated. Using PCFShadowMap instead.
[browser] THREE.WebGLShadowMap: PCFSoftShadowMap has been deprecated. Using PCFShadowMap instead.
[browser] THREE.WebGLShadowMap: PCFSoftShadowMap has been deprecated. Using PCFShadowMap instead.
[browser] THREE.WebGLShadowMap: PCFSoftShadowMap has been deprecated. Using PCFShadowMap instead.
[browser] THREE.WebGLShadowMap: PCFSoftShadowMap has been deprecated. Using PCFShadowMap instead.
[browser] THREE.WebGLShadowMap: PCFSoftShadowMap has been deprecated. Using PCFShadowMap instead.
[browser] THREE.WebGLShadowMap: PCFSoftShadowMap has been deprecated. Using PCFShadowMap instead.
[browser] THREE.WebGLShadowMap: PCFSoftShadowMap has been deprecated. Using PCFShadowMap instead.
[browser] THREE.WebGLShadowMap: PCFSoftShadowMap has been deprecated. Using PCFShadowMap instead.
[browser] THREE.WebGLShadowMap: PCFSoftShadowMap has been deprecated. Using PCFShadowMap instead.
[browser] THREE.WebGLShadowMap: PCFSoftShadowMap has been deprecated. Using PCFShadowMap instead.
[browser] THREE.WebGLShadowMap: PCFSoftShadowMap has been deprecated. Using PCFShadowMap instead.
[browser] THREE.WebGLShadowMap: PCFSoftShadowMap has been deprecated. Using PCFShadowMap instead.
[browser] THREE.WebGLShadowMap: PCFSoftShadowMap has been deprecated. Using PCFShadowMap instead.
[browser] Detected `scroll-behavior: smooth` on the `<html>` element. To disable smooth scrolling during route transitions, add `data-scroll-behavior="smooth"` to your <html> element. Learn more: https://nextjs.org/docs/messages/missing-data-scroll-behavior
[browser] THREE.Clock: This module has been deprecated. Please use THREE.Timer instead.
[browser] THREE.WebGLShadowMap: PCFSoftShadowMap has been deprecated. Using PCFShadowMap instead.
[browser] THREE.Clock: This module has been deprecated. Please use THREE.Timer instead.
[browser] THREE.WebGLShadowMap: PCFSoftShadowMap has been deprecated. Using PCFShadowMap instead.
[browser] THREE.WebGLShadowMap: PCFSoftShadowMap has been deprecated. Using PCFShadowMap instead.
[browser] THREE.WebGLShadowMap: PCFSoftShadowMap has been deprecated. Using PCFShadowMap instead.
[browser] THREE.WebGLShadowMap: PCFSoftShadowMap has been deprecated. Using PCFShadowMap instead.
[browser] THREE.WebGLShadowMap: PCFSoftShadowMap has been deprecated. Using PCFShadowMap instead.
[browser] THREE.WebGLShadowMap: PCFSoftShadowMap has been deprecated. Using PCFShadowMap instead.
[browser] THREE.WebGLShadowMap: PCFSoftShadowMap has been deprecated. Using PCFShadowMap instead.
[browser] THREE.WebGLShadowMap: PCFSoftShadowMap has been deprecated. Using PCFShadowMap instead.
[browser] THREE.WebGLShadowMap: PCFSoftShadowMap has been deprecated. Using PCFShadowMap instead.
[browser] THREE.WebGLShadowMap: PCFSoftShadowMap has been deprecated. Using PCFShadowMap instead.
[browser] THREE.WebGLShadowMap: PCFSoftShadowMap has been deprecated. Using PCFShadowMap instead.
[browser] THREE.WebGLShadowMap: PCFSoftShadowMap has been deprecated. Using PCFShadowMap instead.
[browser] THREE.WebGLShadowMap: PCFSoftShadowMap has been deprecated. Using PCFShadowMap instead.
[browser] THREE.WebGLShadowMap: PCFSoftShadowMap has been deprecated. Using PCFShadowMap instead.
[browser] THREE.WebGLShadowMap: PCFSoftShadowMap has been deprecated. Using PCFShadowMap instead.
[browser] THREE.WebGLShadowMap: PCFSoftShadowMap has been deprecated. Using PCFShadowMap instead.
[browser] THREE.WebGLShadowMap: PCFSoftShadowMap has been deprecated. Using PCFShadowMap instead.
[browser] A tree hydrated but some attributes of the server rendered HTML didn't match the client properties. This won't be patched up. This can happen if a SSR-ed Client Component used:

- A server/client branch `if (typeof window !== 'undefined')`.
- Variable input such as `Date.now()` or `Math.random()` which changes each time it's called.
- Date formatting in a user's locale which doesn't match the server.
- External changing data without sending a snapshot of it along with the HTML.
- Invalid HTML tag nesting.

It can also happen if the client has a browser extension installed which messes with the HTML before React loaded.

https://react.dev/link/hydration-mismatch

  ...
    <RootLayout>
      <html lang="ar" dir="rtl" className="cairo_25e2...">
        ...
          <LoadingScreen onComplete={function onComplete}>
            <AnimatePresence>
              <PresenceChild isPresent={true} initial={undefined} custom={undefined} presenceAffectsLayout={true} ...>
                <PopChild pop={false} isPresent={true} anchorX="left" anchorY="top" root={undefined}>
                  <PopChildMeasure isPresent={true} childRef={{current:null}} sizeRef={{...}} pop={false}>
                    <motion.div initial={{opacity:1}} exit={{opacity:0, ...}} transition={{duration:0.5, ...}} ...>
                      <div className="fixed inse..." style={{opacity:1}} ref={function useMotionRef.useCallback}>
                        <div>
                        <motion.div>
                        <motion.h1>
                        <div>
                        <motion.div className="absolute h..." initial={{...}} animate={{y:[...], ...}} transition={{...}}>
                          <div
                            className="absolute h-1 w-1 rounded-full bg-fuchsia-400/40"
                            style={{
+                             opacity: 0
-                             opacity: "0"
+                             transform: "translateX(7.376793381019638px) translateY(35.492767212009966px)"
-                             transform: "translateX(169.636px) translateY(39.3665px)"
                            }}
                            ref={function useMotionRef.useCallback}
                          >
                        <motion.div className="absolute h..." initial={{...}} animate={{y:[...], ...}} transition={{...}}>
                          <div
                            className="absolute h-1 w-1 rounded-full bg-fuchsia-400/40"
                            style={{
+                             opacity: 0
-                             opacity: "0"
+                             transform: "translateX(131.82743703649612px) translateY(17.92977267498199px)"
-                             transform: "translateX(112.481px) translateY(-175.26px)"
                            }}
                            ref={function useMotionRef.useCallback}
                          >
                        <motion.div className="absolute h..." initial={{...}} animate={{y:[...], ...}} transition={{...}}>
                          <div
                            className="absolute h-1 w-1 rounded-full bg-fuchsia-400/40"
                            style={{
+                             opacity: 0
-                             opacity: "0"
+                             transform: "translateX(42.744536416522834px) translateY(-50.28644024404443px)"
-                             transform: "translateX(-25.0893px) translateY(26.453px)"
                            }}
                            ref={function useMotionRef.useCallback}
                          >
                        <motion.div className="absolute h..." initial={{...}} animate={{y:[...], ...}} transition={{...}}>
                          <div
                            className="absolute h-1 w-1 rounded-full bg-fuchsia-400/40"
                            style={{
+                             opacity: 0
-                             opacity: "0"
+                             transform: "translateX(118.35350885579959px) translateY(-171.3773329942959px)"
-                             transform: "translateX(-29.6975px) translateY(133.15px)"
                            }}
                            ref={function useMotionRef.useCallback}
                          >
                        <motion.div className="absolute h..." initial={{...}} animate={{y:[...], ...}} transition={{...}}>
                          <div
                            className="absolute h-1 w-1 rounded-full bg-fuchsia-400/40"
                            style={{
+                             opacity: 0
-                             opacity: "0"
+                             transform: "translateX(144.23987296514662px) translateY(-187.66146089928176px)"
-                             transform: "translateX(18.7544px) translateY(57.3824px)"
                            }}
                            ref={function useMotionRef.useCallback}
                          >
                        <motion.div className="absolute h..." initial={{...}} animate={{y:[...], ...}} transition={{...}}>
                          <div
                            className="absolute h-1 w-1 rounded-full bg-fuchsia-400/40"
                            style={{
+                             opacity: 0
-                             opacity: "0"
+                             transform: "translateX(86.57223451490904px) translateY(-64.50427838830092px)"
-                             transform: "translateX(-98.0885px) translateY(165.097px)"
                            }}
                            ref={function useMotionRef.useCallback}
                          >
 
[browser] A tree hydrated but some attributes of the server rendered HTML didn't match the client properties. This won't be patched up. This can happen if a SSR-ed Client Component used:

- A server/client branch `if (typeof window !== 'undefined')`.
- Variable input such as `Date.now()` or `Math.random()` which changes each time it's called.
- Date formatting in a user's locale which doesn't match the server.
- External changing data without sending a snapshot of it along with the HTML.
- Invalid HTML tag nesting.

It can also happen if the client has a browser extension installed which messes with the HTML before React loaded.

https://react.dev/link/hydration-mismatch

  ...
    <RootLayout>
      <html lang="ar" dir="rtl" className="cairo_25e2...">
        ...
          <LoadingScreen onComplete={function onComplete}>
            <AnimatePresence>
              <PresenceChild isPresent={true} initial={undefined} custom={undefined} presenceAffectsLayout={true} ...>
                <PopChild pop={false} isPresent={true} anchorX="left" anchorY="top" root={undefined}>
                  <PopChildMeasure isPresent={true} childRef={{current:null}} sizeRef={{...}} pop={false}>
                    <motion.div initial={{opacity:1}} exit={{opacity:0, ...}} transition={{duration:0.5, ...}} ...>
                      <div className="fixed inse..." style={{opacity:1}} ref={function useMotionRef.useCallback}>
                        <div>
                        <motion.div>
                        <motion.h1>
                        <div>
                        <motion.div className="absolute h..." initial={{...}} animate={{y:[...], ...}} transition={{...}}>
                          <div
                            className="absolute h-1 w-1 rounded-full bg-fuchsia-400/40"
                            style={{
+                             opacity: 0
-                             opacity: "0"
+                             transform: "translateX(-199.09486851037923px) translateY(30.328020793430227px)"
-                             transform: "translateX(139.81px) translateY(-100.685px)"
                            }}
                            ref={function useMotionRef.useCallback}
                          >
                        <motion.div className="absolute h..." initial={{...}} animate={{y:[...], ...}} transition={{...}}>
                          <div
                            className="absolute h-1 w-1 rounded-full bg-fuchsia-400/40"
                            style={{
+                             opacity: 0
-                             opacity: "0"
+                             transform: "translateX(163.9538976012991px) translateY(195.03336085981454px)"
-                             transform: "translateX(97.7754px) translateY(149.959px)"
                            }}
                            ref={function useMotionRef.useCallback}
                          >
                        <motion.div className="absolute h..." initial={{...}} animate={{y:[...], ...}} transition={{...}}>
                          <div
                            className="absolute h-1 w-1 rounded-full bg-fuchsia-400/40"
                            style={{
+                             opacity: 0
-                             opacity: "0"
+                             transform: "translateX(117.87792484875183px) translateY(-166.3656700347113px)"
-                             transform: "translateX(-67.6409px) translateY(46.3354px)"
                            }}
                            ref={function useMotionRef.useCallback}
                          >
                        <motion.div className="absolute h..." initial={{...}} animate={{y:[...], ...}} transition={{...}}>
                          <div
                            className="absolute h-1 w-1 rounded-full bg-fuchsia-400/40"
                            style={{
+                             opacity: 0
-                             opacity: "0"
+                             transform: "translateX(24.29289628542537px) translateY(-117.63426762546541px)"
-                             transform: "translateX(186.72px) translateY(-196.922px)"
                            }}
                            ref={function useMotionRef.useCallback}
                          >
                        <motion.div className="absolute h..." initial={{...}} animate={{y:[...], ...}} transition={{...}}>
                          <div
                            className="absolute h-1 w-1 rounded-full bg-fuchsia-400/40"
                            style={{
+                             opacity: 0
-                             opacity: "0"
+                             transform: "translateX(20.32013240168027px) translateY(-35.24446854002562px)"
-                             transform: "translateX(-40.8175px) translateY(-23.9105px)"
                            }}
                            ref={function useMotionRef.useCallback}
                          >
                        <motion.div className="absolute h..." initial={{...}} animate={{y:[...], ...}} transition={{...}}>
                          <div
                            className="absolute h-1 w-1 rounded-full bg-fuchsia-400/40"
                            style={{
+                             opacity: 0
-                             opacity: "0"
+                             transform: "translateX(-96.16139615855866px) translateY(6.783640500065275px)"
-                             transform: "translateX(163.194px) translateY(-39.2783px)"
                            }}
                            ref={function useMotionRef.useCallback}
                          >
 
[browser] THREE.Clock: This module has been deprecated. Please use THREE.Timer instead.
[browser] THREE.WebGLShadowMap: PCFSoftShadowMap has been deprecated. Using PCFShadowMap instead.
[browser] A tree hydrated but some attributes of the server rendered HTML didn't match the client properties. This won't be patched up. This can happen if a SSR-ed Client Component used:

- A server/client branch `if (typeof window !== 'undefined')`.
- Variable input such as `Date.now()` or `Math.random()` which changes each time it's called.
- Date formatting in a user's locale which doesn't match the server.
- External changing data without sending a snapshot of it along with the HTML.
- Invalid HTML tag nesting.

It can also happen if the client has a browser extension installed which messes with the HTML before React loaded.

https://react.dev/link/hydration-mismatch

  ...
    <RootLayout>
      <html lang="ar" dir="rtl" className="cairo_25e2...">
        ...
          <LoadingScreen onComplete={function onComplete}>
            <AnimatePresence>
              <PresenceChild isPresent={true} initial={undefined} custom={undefined} presenceAffectsLayout={true} ...>
                <PopChild pop={false} isPresent={true} anchorX="left" anchorY="top" root={undefined}>
                  <PopChildMeasure isPresent={true} childRef={{current:null}} sizeRef={{...}} pop={false}>
                    <motion.div initial={{opacity:1}} exit={{opacity:0, ...}} transition={{duration:0.5, ...}} ...>
                      <div className="fixed inse..." style={{opacity:1}} ref={function useMotionRef.useCallback}>
                        <div>
                        <motion.div>
                        <motion.h1>
                        <div>
                        <motion.div className="absolute h..." initial={{...}} animate={{y:[...], ...}} transition={{...}}>
                          <div
                            className="absolute h-1 w-1 rounded-full bg-fuchsia-400/40"
                            style={{
+                             opacity: 0
-                             opacity: "0"
+                             transform: "translateX(-137.23913795937756px) translateY(-125.95322276459014px)"
-                             transform: "translateX(71.5932px) translateY(-124.306px)"
                            }}
                            ref={function useMotionRef.useCallback}
                          >
                        <motion.div className="absolute h..." initial={{...}} animate={{y:[...], ...}} transition={{...}}>
                          <div
                            className="absolute h-1 w-1 rounded-full bg-fuchsia-400/40"
                            style={{
+                             opacity: 0
-                             opacity: "0"
+                             transform: "translateX(-117.53399902166781px) translateY(130.48108191867556px)"
-                             transform: "translateX(-196.308px) translateY(-173.387px)"
                            }}
                            ref={function useMotionRef.useCallback}
                          >
                        <motion.div className="absolute h..." initial={{...}} animate={{y:[...], ...}} transition={{...}}>
                          <div
                            className="absolute h-1 w-1 rounded-full bg-fuchsia-400/40"
                            style={{
+                             opacity: 0
-                             opacity: "0"
+                             transform: "translateX(-38.12477231812045px) translateY(-31.71970900095195px)"
-                             transform: "translateX(109.574px) translateY(35.9128px)"
                            }}
                            ref={function useMotionRef.useCallback}
                          >
                        <motion.div className="absolute h..." initial={{...}} animate={{y:[...], ...}} transition={{...}}>
                          <div
                            className="absolute h-1 w-1 rounded-full bg-fuchsia-400/40"
                            style={{
+                             opacity: 0
-                             opacity: "0"
+                             transform: "translateX(163.56442721441778px) translateY(194.61583892022833px)"
-                             transform: "translateX(-65.4757px) translateY(-94.7721px)"
                            }}
                            ref={function useMotionRef.useCallback}
                          >
                        <motion.div className="absolute h..." initial={{...}} animate={{y:[...], ...}} transition={{...}}>
                          <div
                            className="absolute h-1 w-1 rounded-full bg-fuchsia-400/40"
                            style={{
+                             opacity: 0
-                             opacity: "0"
+                             transform: "translateX(-11.604060875966212px) translateY(125.88480501664299px)"
-                             transform: "translateX(-117.432px) translateY(-178.743px)"
                            }}
                            ref={function useMotionRef.useCallback}
                          >
                        <motion.div className="absolute h..." initial={{...}} animate={{y:[...], ...}} transition={{...}}>
                          <div
                            className="absolute h-1 w-1 rounded-full bg-fuchsia-400/40"
                            style={{
+                             opacity: 0
-                             opacity: "0"
+                             transform: "translateX(-45.37721757884134px) translateY(176.6710332201668px)"
-                             transform: "translateX(57.1838px) translateY(20.9653px)"
                            }}
                            ref={function useMotionRef.useCallback}
                          >
 
[browser] THREE.Clock: This module has been deprecated. Please use THREE.Timer instead.
[browser] THREE.WebGLShadowMap: PCFSoftShadowMap has been deprecated. Using PCFShadowMap instead.
[browser] A tree hydrated but some attributes of the server rendered HTML didn't match the client properties. This won't be patched up. This can happen if a SSR-ed Client Component used:

- A server/client branch `if (typeof window !== 'undefined')`.
- Variable input such as `Date.now()` or `Math.random()` which changes each time it's called.
- Date formatting in a user's locale which doesn't match the server.
- External changing data without sending a snapshot of it along with the HTML.
- Invalid HTML tag nesting.

It can also happen if the client has a browser extension installed which messes with the HTML before React loaded.

https://react.dev/link/hydration-mismatch

  ...
    <RootLayout>
      <html lang="ar" dir="rtl" className="cairo_25e2...">
        ...
          <LoadingScreen onComplete={function onComplete}>
            <AnimatePresence>
              <PresenceChild isPresent={true} initial={undefined} custom={undefined} presenceAffectsLayout={true} ...>
                <PopChild pop={false} isPresent={true} anchorX="left" anchorY="top" root={undefined}>
                  <PopChildMeasure isPresent={true} childRef={{current:null}} sizeRef={{...}} pop={false}>
                    <motion.div initial={{opacity:1}} exit={{opacity:0, ...}} transition={{duration:0.5, ...}} ...>
                      <div className="fixed inse..." style={{opacity:1}} ref={function useMotionRef.useCallback}>
                        <div>
                        <motion.div>
                        <motion.h1>
                        <div>
                        <motion.div className="absolute h..." initial={{...}} animate={{y:[...], ...}} transition={{...}}>
                          <div
                            className="absolute h-1 w-1 rounded-full bg-fuchsia-400/40"
                            style={{
+                             opacity: 0
-                             opacity: "0"
+                             transform: "translateX(-160.87575940812883px) translateY(150.6390103116974px)"
-                             transform: "translateX(112.047px) translateY(36.4149px)"
                            }}
                            ref={function useMotionRef.useCallback}
                          >
                        <motion.div className="absolute h..." initial={{...}} animate={{y:[...], ...}} transition={{...}}>
                          <div
                            className="absolute h-1 w-1 rounded-full bg-fuchsia-400/40"
                            style={{
+                             opacity: 0
-                             opacity: "0"
+                             transform: "translateX(-98.28180179977552px) translateY(-81.28860141134436px)"
-                             transform: "translateX(108.453px) translateY(-169.668px)"
                            }}
                            ref={function useMotionRef.useCallback}
                          >
                        <motion.div className="absolute h..." initial={{...}} animate={{y:[...], ...}} transition={{...}}>
                          <div
                            className="absolute h-1 w-1 rounded-full bg-fuchsia-400/40"
                            style={{
+                             opacity: 0
-                             opacity: "0"
+                             transform: "translateX(159.41687162570656px) translateY(-178.97487710218695px)"
-                             transform: "translateX(-81.8568px) translateY(-116.902px)"
                            }}
                            ref={function useMotionRef.useCallback}
                          >
                        <motion.div className="absolute h..." initial={{...}} animate={{y:[...], ...}} transition={{...}}>
                          <div
                            className="absolute h-1 w-1 rounded-full bg-fuchsia-400/40"
                            style={{
+                             opacity: 0
-                             opacity: "0"
+                             transform: "translateX(184.06842060295156px) translateY(-18.86897217357361px)"
-                             transform: "translateX(83.9943px) translateY(162.251px)"
                            }}
                            ref={function useMotionRef.useCallback}
                          >
                        <motion.div className="absolute h..." initial={{...}} animate={{y:[...], ...}} transition={{...}}>
                          <div
                            className="absolute h-1 w-1 rounded-full bg-fuchsia-400/40"
                            style={{
+                             opacity: 0
-                             opacity: "0"
+                             transform: "translateX(47.87333917045137px) translateY(-143.55994405877888px)"
-                             transform: "translateX(26.5117px) translateY(132.105px)"
                            }}
                            ref={function useMotionRef.useCallback}
                          >
                        <motion.div className="absolute h..." initial={{...}} animate={{y:[...], ...}} transition={{...}}>
                          <div
                            className="absolute h-1 w-1 rounded-full bg-fuchsia-400/40"
                            style={{
+                             opacity: 0
-                             opacity: "0"
+                             transform: "translateX(-108.3471231129796px) translateY(-80.29229434243402px)"
-                             transform: "translateX(-105.099px) translateY(-20.5846px)"
                            }}
                            ref={function useMotionRef.useCallback}
                          >
 
[browser] THREE.Clock: This module has been deprecated. Please use THREE.Timer instead.
[browser] THREE.WebGLShadowMap: PCFSoftShadowMap has been deprecated. Using PCFShadowMap instead.
[browser] A tree hydrated but some attributes of the server rendered HTML didn't match the client properties. This won't be patched up. This can happen if a SSR-ed Client Component used:

- A server/client branch `if (typeof window !== 'undefined')`.
- Variable input such as `Date.now()` or `Math.random()` which changes each time it's called.
- Date formatting in a user's locale which doesn't match the server.
- External changing data without sending a snapshot of it along with the HTML.
- Invalid HTML tag nesting.

It can also happen if the client has a browser extension installed which messes with the HTML before React loaded.

https://react.dev/link/hydration-mismatch

  ...
    <RootLayout>
      <html lang="ar" dir="rtl" className="cairo_25e2...">
        ...
          <LoadingScreen onComplete={function onComplete}>
            <AnimatePresence>
              <PresenceChild isPresent={true} initial={undefined} custom={undefined} presenceAffectsLayout={true} ...>
                <PopChild pop={false} isPresent={true} anchorX="left" anchorY="top" root={undefined}>
                  <PopChildMeasure isPresent={true} childRef={{current:null}} sizeRef={{...}} pop={false}>
                    <motion.div initial={{opacity:1}} exit={{opacity:0, ...}} transition={{duration:0.5, ...}} ...>
                      <div className="fixed inse..." style={{opacity:1}} ref={function useMotionRef.useCallback}>
                        <div>
                        <motion.div>
                        <motion.h1>
                        <div>
                        <motion.div className="absolute h..." initial={{...}} animate={{y:[...], ...}} transition={{...}}>
                          <div
                            className="absolute h-1 w-1 rounded-full bg-fuchsia-400/40"
                            style={{
+                             opacity: 0
-                             opacity: "0"
+                             transform: "translateX(142.56334184450037px) translateY(-161.422114637567px)"
-                             transform: "translateX(97.5561px) translateY(-103.952px)"
                            }}
                            ref={function useMotionRef.useCallback}
                          >
                        <motion.div className="absolute h..." initial={{...}} animate={{y:[...], ...}} transition={{...}}>
                          <div
                            className="absolute h-1 w-1 rounded-full bg-fuchsia-400/40"
                            style={{
+                             opacity: 0
-                             opacity: "0"
+                             transform: "translateX(-166.83468713290787px) translateY(-139.42869762740008px)"
-                             transform: "translateX(41.4153px) translateY(18.8023px)"
                            }}
                            ref={function useMotionRef.useCallback}
                          >
                        <motion.div className="absolute h..." initial={{...}} animate={{y:[...], ...}} transition={{...}}>
                          <div
                            className="absolute h-1 w-1 rounded-full bg-fuchsia-400/40"
                            style={{
+                             opacity: 0
-                             opacity: "0"
+                             transform: "translateX(177.24070288643952px) translateY(90.30796444092715px)"
-                             transform: "translateX(93.6666px) translateY(10.7573px)"
                            }}
                            ref={function useMotionRef.useCallback}
                          >
                        <motion.div className="absolute h..." initial={{...}} animate={{y:[...], ...}} transition={{...}}>
                          <div
                            className="absolute h-1 w-1 rounded-full bg-fuchsia-400/40"
                            style={{
+                             opacity: 0
-                             opacity: "0"
+                             transform: "translateX(-64.95182992026716px) translateY(-74.64823769200225px)"
-                             transform: "translateX(109.74px) translateY(-126.884px)"
                            }}
                            ref={function useMotionRef.useCallback}
                          >
                        <motion.div className="absolute h..." initial={{...}} animate={{y:[...], ...}} transition={{...}}>
                          <div
                            className="absolute h-1 w-1 rounded-full bg-fuchsia-400/40"
                            style={{
+                             opacity: 0
-                             opacity: "0"
+                             transform: "translateX(-138.86832248390206px) translateY(-184.81233628301604px)"
-                             transform: "translateX(150.527px) translateY(-106.282px)"
                            }}
                            ref={function useMotionRef.useCallback}
                          >
                        <motion.div className="absolute h..." initial={{...}} animate={{y:[...], ...}} transition={{...}}>
                          <div
                            className="absolute h-1 w-1 rounded-full bg-fuchsia-400/40"
                            style={{
+                             opacity: 0
-                             opacity: "0"
+                             transform: "translateX(41.34827314156101px) translateY(-160.32985767360958px)"
-                             transform: "translateX(-175.281px) translateY(-39.3541px)"
                            }}
                            ref={function useMotionRef.useCallback}
                          >
 
[browser] THREE.Clock: This module has been deprecated. Please use THREE.Timer instead.
[browser] THREE.WebGLShadowMap: PCFSoftShadowMap has been deprecated. Using PCFShadowMap instead.
[browser] A tree hydrated but some attributes of the server rendered HTML didn't match the client properties. This won't be patched up. This can happen if a SSR-ed Client Component used:

- A server/client branch `if (typeof window !== 'undefined')`.
- Variable input such as `Date.now()` or `Math.random()` which changes each time it's called.
- Date formatting in a user's locale which doesn't match the server.
- External changing data without sending a snapshot of it along with the HTML.
- Invalid HTML tag nesting.

It can also happen if the client has a browser extension installed which messes with the HTML before React loaded.

https://react.dev/link/hydration-mismatch

  ...
    <RootLayout>
      <html lang="ar" dir="rtl" className="cairo_25e2...">
        ...
          <LoadingScreen onComplete={function onComplete}>
            <AnimatePresence>
              <PresenceChild isPresent={true} initial={undefined} custom={undefined} presenceAffectsLayout={true} ...>
                <PopChild pop={false} isPresent={true} anchorX="left" anchorY="top" root={undefined}>
                  <PopChildMeasure isPresent={true} childRef={{current:null}} sizeRef={{...}} pop={false}>
                    <motion.div initial={{opacity:1}} exit={{opacity:0, ...}} transition={{duration:0.5, ...}} ...>
                      <div className="fixed inse..." style={{opacity:1}} ref={function useMotionRef.useCallback}>
                        <div>
                        <motion.div>
                        <motion.h1>
                        <div>
                        <motion.div className="absolute h..." initial={{...}} animate={{y:[...], ...}} transition={{...}}>
                          <div
                            className="absolute h-1 w-1 rounded-full bg-fuchsia-400/40"
                            style={{
+                             opacity: 0
-                             opacity: "0"
+                             transform: "translateX(-150.66422828573394px) translateY(-41.617900939333026px)"
-                             transform: "translateX(-189.685px) translateY(107.776px)"
                            }}
                            ref={function useMotionRef.useCallback}
                          >
                        <motion.div className="absolute h..." initial={{...}} animate={{y:[...], ...}} transition={{...}}>
                          <div
                            className="absolute h-1 w-1 rounded-full bg-fuchsia-400/40"
                            style={{
+                             opacity: 0
-                             opacity: "0"
+                             transform: "translateX(-98.96260473195304px) translateY(165.4752432783726px)"
-                             transform: "translateX(170.015px) translateY(-109.263px)"
                            }}
                            ref={function useMotionRef.useCallback}
                          >
                        <motion.div className="absolute h..." initial={{...}} animate={{y:[...], ...}} transition={{...}}>
                          <div
                            className="absolute h-1 w-1 rounded-full bg-fuchsia-400/40"
                            style={{
+                             opacity: 0
-                             opacity: "0"
+                             transform: "translateX(159.54859498033795px) translateY(-60.637517994409905px)"
-                             transform: "translateX(105.713px) translateY(-168.461px)"
                            }}
                            ref={function useMotionRef.useCallback}
                          >
                        <motion.div className="absolute h..." initial={{...}} animate={{y:[...], ...}} transition={{...}}>
                          <div
                            className="absolute h-1 w-1 rounded-full bg-fuchsia-400/40"
                            style={{
+                             opacity: 0
-                             opacity: "0"
+                             transform: "translateX(-191.20891444473162px) translateY(55.393049343536916px)"
-                             transform: "translateX(130.338px) translateY(-76.507px)"
                            }}
                            ref={function useMotionRef.useCallback}
                          >
                        <motion.div className="absolute h..." initial={{...}} animate={{y:[...], ...}} transition={{...}}>
                          <div
                            className="absolute h-1 w-1 rounded-full bg-fuchsia-400/40"
                            style={{
+                             opacity: 0
-                             opacity: "0"
+                             transform: "translateX(97.3073869119109px) translateY(-117.12906443347512px)"
-                             transform: "translateX(-37.5886px) translateY(128.164px)"
                            }}
                            ref={function useMotionRef.useCallback}
                          >
                        <motion.div className="absolute h..." initial={{...}} animate={{y:[...], ...}} transition={{...}}>
                          <div
                            className="absolute h-1 w-1 rounded-full bg-fuchsia-400/40"
                            style={{
+                             opacity: 0
-                             opacity: "0"
+                             transform: "translateX(117.6111205193813px) translateY(-194.82625458867665px)"
-                             transform: "translateX(16.5727px) translateY(129.875px)"
                            }}
                            ref={function useMotionRef.useCallback}
                          >
 
[browser] THREE.Clock: This module has been deprecated. Please use THREE.Timer instead.
[browser] THREE.WebGLShadowMap: PCFSoftShadowMap has been deprecated. Using PCFShadowMap instead.
[browser] THREE.WebGLShadowMap: PCFSoftShadowMap has been deprecated. Using PCFShadowMap instead.
[browser] THREE.WebGLShadowMap: PCFSoftShadowMap has been deprecated. Using PCFShadowMap instead.
[browser] THREE.WebGLShadowMap: PCFSoftShadowMap has been deprecated. Using PCFShadowMap instead.
[browser] THREE.WebGLShadowMap: PCFSoftShadowMap has been deprecated. Using PCFShadowMap instead.
[browser] THREE.WebGLShadowMap: PCFSoftShadowMap has been deprecated. Using PCFShadowMap instead.
[browser] THREE.WebGLShadowMap: PCFSoftShadowMap has been deprecated. Using PCFShadowMap instead.
[browser] THREE.WebGLShadowMap: PCFSoftShadowMap has been deprecated. Using PCFShadowMap instead.
[browser] THREE.WebGLShadowMap: PCFSoftShadowMap has been deprecated. Using PCFShadowMap instead.
[browser] THREE.WebGLShadowMap: PCFSoftShadowMap has been deprecated. Using PCFShadowMap instead.
[browser] THREE.WebGLShadowMap: PCFSoftShadowMap has been deprecated. Using PCFShadowMap instead.
[browser] THREE.WebGLShadowMap: PCFSoftShadowMap has been deprecated. Using PCFShadowMap instead.
[browser] THREE.WebGLShadowMap: PCFSoftShadowMap has been deprecated. Using PCFShadowMap instead.
[browser] THREE.WebGLShadowMap: PCFSoftShadowMap has been deprecated. Using PCFShadowMap instead.
[browser] THREE.WebGLShadowMap: PCFSoftShadowMap has been deprecated. Using PCFShadowMap instead.
[browser] THREE.WebGLShadowMap: PCFSoftShadowMap has been deprecated. Using PCFShadowMap instead.
[browser] THREE.WebGLShadowMap: PCFSoftShadowMap has been deprecated. Using PCFShadowMap instead.
[browser] A tree hydrated but some attributes of the server rendered HTML didn't match the client properties. This won't be patched up. This can happen if a SSR-ed Client Component used:

- A server/client branch `if (typeof window !== 'undefined')`.
- Variable input such as `Date.now()` or `Math.random()` which changes each time it's called.
- Date formatting in a user's locale which doesn't match the server.
- External changing data without sending a snapshot of it along with the HTML.
- Invalid HTML tag nesting.

It can also happen if the client has a browser extension installed which messes with the HTML before React loaded.

https://react.dev/link/hydration-mismatch

  ...
    <RootLayout>
      <html lang="ar" dir="rtl" className="cairo_25e2...">
        ...
          <LoadingScreen onComplete={function onComplete}>
            <AnimatePresence>
              <PresenceChild isPresent={true} initial={undefined} custom={undefined} presenceAffectsLayout={true} ...>
                <PopChild pop={false} isPresent={true} anchorX="left" anchorY="top" root={undefined}>
                  <PopChildMeasure isPresent={true} childRef={{current:null}} sizeRef={{...}} pop={false}>
                    <motion.div initial={{opacity:1}} exit={{opacity:0, ...}} transition={{duration:0.5, ...}} ...>
                      <div className="fixed inse..." style={{opacity:1}} ref={function useMotionRef.useCallback}>
                        <div>
                        <motion.div>
                        <motion.h1>
                        <div>
                        <motion.div className="absolute h..." initial={{...}} animate={{y:[...], ...}} transition={{...}}>
                          <div
                            className="absolute h-1 w-1 rounded-full bg-fuchsia-400/40"
                            style={{
+                             opacity: 0
-                             opacity: "0"
+                             transform: "translateX(186.0857326509207px) translateY(-155.79805837295999px)"
-                             transform: "translateX(-33.0683px) translateY(181.992px)"
                            }}
                            ref={function useMotionRef.useCallback}
                          >
                        <motion.div className="absolute h..." initial={{...}} animate={{y:[...], ...}} transition={{...}}>
                          <div
                            className="absolute h-1 w-1 rounded-full bg-fuchsia-400/40"
                            style={{
+                             opacity: 0
-                             opacity: "0"
+                             transform: "translateX(-9.766803810041353px) translateY(-109.01276455251092px)"
-                             transform: "translateX(129.374px) translateY(-38.8439px)"
                            }}
                            ref={function useMotionRef.useCallback}
                          >
                        <motion.div className="absolute h..." initial={{...}} animate={{y:[...], ...}} transition={{...}}>
                          <div
                            className="absolute h-1 w-1 rounded-full bg-fuchsia-400/40"
                            style={{
+                             opacity: 0
-                             opacity: "0"
+                             transform: "translateX(-44.63217411855146px) translateY(128.86362690812263px)"
-                             transform: "translateX(197.221px) translateY(-69.3197px)"
                            }}
                            ref={function useMotionRef.useCallback}
                          >
                        <motion.div className="absolute h..." initial={{...}} animate={{y:[...], ...}} transition={{...}}>
                          <div
                            className="absolute h-1 w-1 rounded-full bg-fuchsia-400/40"
                            style={{
+                             opacity: 0
-                             opacity: "0"
+                             transform: "translateX(107.05765450438321px) translateY(47.61151222074784px)"
-                             transform: "translateX(178.87px) translateY(-173.684px)"
                            }}
                            ref={function useMotionRef.useCallback}
                          >
                        <motion.div className="absolute h..." initial={{...}} animate={{y:[...], ...}} transition={{...}}>
                          <div
                            className="absolute h-1 w-1 rounded-full bg-fuchsia-400/40"
                            style={{
+                             opacity: 0
-                             opacity: "0"
+                             transform: "translateX(-33.23208488017522px) translateY(192.96548026557542px)"
-                             transform: "translateX(-186.086px) translateY(183.287px)"
                            }}
                            ref={function useMotionRef.useCallback}
                          >
                        <motion.div className="absolute h..." initial={{...}} animate={{y:[...], ...}} transition={{...}}>
                          <div
                            className="absolute h-1 w-1 rounded-full bg-fuchsia-400/40"
                            style={{
+                             opacity: 0
-                             opacity: "0"
+                             transform: "translateX(-115.55876559368117px) translateY(59.504241037782094px)"
-                             transform: "translateX(177.714px) translateY(-116.819px)"
                            }}
                            ref={function useMotionRef.useCallback}
                          >
 
[browser] THREE.Clock: This module has been deprecated. Please use THREE.Timer instead.
[browser] THREE.WebGLShadowMap: PCFSoftShadowMap has been deprecated. Using PCFShadowMap instead.
⨯ TypeError: {imported module ./src/lib/db.ts}.default.prepare is not a function
    at getAllProperties (src\lib\properties.ts:33:19)
    at Home (src\app\page.tsx:5:38)
  31 |
  32 | export function getAllProperties(): Property[] {
> 33 |   const rows = db.prepare("SELECT * FROM properties ORDER BY id DESC").all() as Record<string, unknown>[];
     |                   ^
  34 |   return rows.map((r) => ({
  35 |     id: r.id as number,
  36 |     title: r.title as string, {
  digest: '1432980647'
}
⨯ TypeError: {imported module ./src/lib/db.ts}.default.prepare is not a function
    at getAllProperties (src\lib\properties.ts:33:19)
    at Home (src\app\page.tsx:5:38)
  31 |
  32 | export function getAllProperties(): Property[] {
> 33 |   const rows = db.prepare("SELECT * FROM properties ORDER BY id DESC").all() as Record<string, unknown>[];
     |                   ^
  34 |   return rows.map((r) => ({
  35 |     id: r.id as number,
  36 |     title: r.title as string, {
  digest: '1432980647'
}
⨯ TypeError: properties.map is not a function
    at HomeContent (src\components\HomeContent.tsx:109:25)
  107 |
  108 |           <div className="grid gap-7 sm:grid-cols-2 lg:grid-cols-3">
> 109 |             {properties.map((p) => (
      |                         ^
  110 |               <PropertyCard key={p.id} property={p} />
  111 |             ))}
  112 |           </div> {
  digest: '2423640875'
}
⨯ TypeError: properties.map is not a function
    at HomeContent (src\components\HomeContent.tsx:109:25)
  107 |
  108 |           <div className="grid gap-7 sm:grid-cols-2 lg:grid-cols-3">
> 109 |             {properties.map((p) => (
      |                         ^
  110 |               <PropertyCard key={p.id} property={p} />
  111 |             ))}
  112 |           </div> {
  digest: '2423640875'
}
⨯ TypeError: properties.map is not a function
    at HomeContent (src\components\HomeContent.tsx:109:25)
  107 |
  108 |           <div className="grid gap-7 sm:grid-cols-2 lg:grid-cols-3">
> 109 |             {properties.map((p) => (
      |                         ^
  110 |               <PropertyCard key={p.id} property={p} />
  111 |             ))}
  112 |           </div> {
  digest: '2423640875'
}
⨯ TypeError: properties.map is not a function
    at HomeContent (src\components\HomeContent.tsx:109:25)
  107 |
  108 |           <div className="grid gap-7 sm:grid-cols-2 lg:grid-cols-3">
> 109 |             {properties.map((p) => (
      |                         ^
  110 |               <PropertyCard key={p.id} property={p} />
  111 |             ))}
  112 |           </div> {
  digest: '2423640875'
}
⨯ TypeError: properties.map is not a function
    at HomeContent (src\components\HomeContent.tsx:109:25)
  107 |
  108 |           <div className="grid gap-7 sm:grid-cols-2 lg:grid-cols-3">
> 109 |             {properties.map((p) => (
      |                         ^
  110 |               <PropertyCard key={p.id} property={p} />
  111 |             ))}
  112 |           </div> {
  digest: '2423640875'
}
⨯ TypeError: properties.map is not a function
    at HomeContent (src\components\HomeContent.tsx:109:25)
  107 |
  108 |           <div className="grid gap-7 sm:grid-cols-2 lg:grid-cols-3">
> 109 |             {properties.map((p) => (
      |                         ^
  110 |               <PropertyCard key={p.id} property={p} />
  111 |             ))}
  112 |           </div> {
  digest: '2423640875'
}
⨯ TypeError: properties.map is not a function
    at HomeContent (src\components\HomeContent.tsx:109:25)
  107 |
  108 |           <div className="grid gap-7 sm:grid-cols-2 lg:grid-cols-3">
> 109 |             {properties.map((p) => (
      |                         ^
  110 |               <PropertyCard key={p.id} property={p} />
  111 |             ))}
  112 |           </div> {
  digest: '2423640875'
}
[browser] A tree hydrated but some attributes of the server rendered HTML didn't match the client properties. This won't be patched up. This can happen if a SSR-ed Client Component used:

- A server/client branch `if (typeof window !== 'undefined')`.
- Variable input such as `Date.now()` or `Math.random()` which changes each time it's called.
- Date formatting in a user's locale which doesn't match the server.
- External changing data without sending a snapshot of it along with the HTML.
- Invalid HTML tag nesting.

It can also happen if the client has a browser extension installed which messes with the HTML before React loaded.

https://react.dev/link/hydration-mismatch

  ...
    <RootLayout>
      <html lang="ar" dir="rtl" className="cairo_25e2...">
        ...
          <LoadingScreen onComplete={function onComplete}>
            <AnimatePresence>
              <PresenceChild isPresent={true} initial={undefined} custom={undefined} presenceAffectsLayout={true} ...>
                <PopChild pop={false} isPresent={true} anchorX="left" anchorY="top" root={undefined}>
                  <PopChildMeasure isPresent={true} childRef={{current:null}} sizeRef={{...}} pop={false}>
                    <motion.div initial={{opacity:1}} exit={{opacity:0, ...}} transition={{duration:0.5, ...}} ...>
                      <div className="fixed inse..." style={{opacity:1}} ref={function useMotionRef.useCallback}>
                        <div>
                        <motion.div>
                        <motion.h1>
                        <div>
                        <motion.div className="absolute h..." initial={{...}} animate={{y:[...], ...}} transition={{...}}>
                          <div
                            className="absolute h-1 w-1 rounded-full bg-fuchsia-400/40"
                            style={{
+                             opacity: 0
-                             opacity: "0"
+                             transform: "translateX(-125.66209809980164px) translateY(-150.85713708462035px)"
-                             transform: "translateX(-104.086px) translateY(-158.161px)"
                            }}
                            ref={function useMotionRef.useCallback}
                          >
                        <motion.div className="absolute h..." initial={{...}} animate={{y:[...], ...}} transition={{...}}>
                          <div
                            className="absolute h-1 w-1 rounded-full bg-fuchsia-400/40"
                            style={{
+                             opacity: 0
-                             opacity: "0"
+                             transform: "translateX(21.90385535128354px) translateY(80.39601121650395px)"
-                             transform: "translateX(-79.4936px) translateY(-50.3182px)"
                            }}
                            ref={function useMotionRef.useCallback}
                          >
                        <motion.div className="absolute h..." initial={{...}} animate={{y:[...], ...}} transition={{...}}>
                          <div
                            className="absolute h-1 w-1 rounded-full bg-fuchsia-400/40"
                            style={{
+                             opacity: 0
-                             opacity: "0"
+                             transform: "translateX(158.55730428834852px) translateY(-2.4914836574111234px)"
-                             transform: "translateX(-68.5075px) translateY(75.0532px)"
                            }}
                            ref={function useMotionRef.useCallback}
                          >
                        <motion.div className="absolute h..." initial={{...}} animate={{y:[...], ...}} transition={{...}}>
                          <div
                            className="absolute h-1 w-1 rounded-full bg-fuchsia-400/40"
                            style={{
+                             opacity: 0
-                             opacity: "0"
+                             transform: "translateX(144.19757870341743px) translateY(-148.78881251796133px)"
-                             transform: "translateX(-179.17px) translateY(47.2995px)"
                            }}
                            ref={function useMotionRef.useCallback}
                          >
                        <motion.div className="absolute h..." initial={{...}} animate={{y:[...], ...}} transition={{...}}>
                          <div
                            className="absolute h-1 w-1 rounded-full bg-fuchsia-400/40"
                            style={{
+                             opacity: 0
-                             opacity: "0"
+                             transform: "translateX(-33.60060255735161px) translateY(158.02498601684px)"
-                             transform: "translateX(-57.2159px) translateY(96.1153px)"
                            }}
                            ref={function useMotionRef.useCallback}
                          >
                        <motion.div className="absolute h..." initial={{...}} animate={{y:[...], ...}} transition={{...}}>
                          <div
                            className="absolute h-1 w-1 rounded-full bg-fuchsia-400/40"
                            style={{
+                             opacity: 0
-                             opacity: "0"
+                             transform: "translateX(35.165652603193365px) translateY(118.14775786148704px)"
-                             transform: "translateX(123.545px) translateY(196.17px)"
                            }}
                            ref={function useMotionRef.useCallback}
                          >
 
[browser] THREE.Clock: This module has been deprecated. Please use THREE.Timer instead.
[browser] THREE.WebGLShadowMap: PCFSoftShadowMap has been deprecated. Using PCFShadowMap instead.
[browser] THREE.WebGLShadowMap: PCFSoftShadowMap has been deprecated. Using PCFShadowMap instead.
[browser] THREE.WebGLShadowMap: PCFSoftShadowMap has been deprecated. Using PCFShadowMap instead.
[browser] THREE.WebGLShadowMap: PCFSoftShadowMap has been deprecated. Using PCFShadowMap instead.
[browser] THREE.WebGLShadowMap: PCFSoftShadowMap has been deprecated. Using PCFShadowMap instead.
[browser] THREE.WebGLShadowMap: PCFSoftShadowMap has been deprecated. Using PCFShadowMap instead.
[browser] THREE.WebGLShadowMap: PCFSoftShadowMap has been deprecated. Using PCFShadowMap instead.
[browser] THREE.WebGLShadowMap: PCFSoftShadowMap has been deprecated. Using PCFShadowMap instead.
[browser] THREE.WebGLShadowMap: PCFSoftShadowMap has been deprecated. Using PCFShadowMap instead.
[browser] THREE.WebGLShadowMap: PCFSoftShadowMap has been deprecated. Using PCFShadowMap instead.
[browser] THREE.WebGLShadowMap: PCFSoftShadowMap has been deprecated. Using PCFShadowMap instead.
[browser] THREE.WebGLShadowMap: PCFSoftShadowMap has been deprecated. Using PCFShadowMap instead.
[browser] THREE.WebGLShadowMap: PCFSoftShadowMap has been deprecated. Using PCFShadowMap instead.
[browser] THREE.WebGLShadowMap: PCFSoftShadowMap has been deprecated. Using PCFShadowMap instead.
[browser] THREE.WebGLShadowMap: PCFSoftShadowMap has been deprecated. Using PCFShadowMap instead.
[browser] THREE.WebGLShadowMap: PCFSoftShadowMap has been deprecated. Using PCFShadowMap instead.
[browser] THREE.WebGLShadowMap: PCFSoftShadowMap has been deprecated. Using PCFShadowMap instead.
[browser] THREE.WebGLShadowMap: PCFSoftShadowMap has been deprecated. Using PCFShadowMap instead.
[browser] THREE.WebGLShadowMap: PCFSoftShadowMap has been deprecated. Using PCFShadowMap instead.
[browser] THREE.WebGLShadowMap: PCFSoftShadowMap has been deprecated. Using PCFShadowMap instead.
[browser] THREE.WebGLShadowMap: PCFSoftShadowMap has been deprecated. Using PCFShadowMap instead.
[browser] THREE.WebGLShadowMap: PCFSoftShadowMap has been deprecated. Using PCFShadowMap instead.
[browser] THREE.WebGLShadowMap: PCFSoftShadowMap has been deprecated. Using PCFShadowMap instead.
[browser] THREE.WebGLShadowMap: PCFSoftShadowMap has been deprecated. Using PCFShadowMap instead.
[browser] THREE.WebGLShadowMap: PCFSoftShadowMap has been deprecated. Using PCFShadowMap instead.
[browser] THREE.WebGLShadowMap: PCFSoftShadowMap has been deprecated. Using PCFShadowMap instead.
[browser] THREE.WebGLShadowMap: PCFSoftShadowMap has been deprecated. Using PCFShadowMap instead.
[browser] THREE.WebGLShadowMap: PCFSoftShadowMap has been deprecated. Using PCFShadowMap instead.
[browser] THREE.WebGLShadowMap: PCFSoftShadowMap has been deprecated. Using PCFShadowMap instead.
[browser] THREE.WebGLShadowMap: PCFSoftShadowMap has been deprecated. Using PCFShadowMap instead.
[browser] THREE.WebGLShadowMap: PCFSoftShadowMap has been deprecated. Using PCFShadowMap instead.
[browser] THREE.WebGLShadowMap: PCFSoftShadowMap has been deprecated. Using PCFShadowMap instead.
[browser] Detected `scroll-behavior: smooth` on the `<html>` element. To disable smooth scrolling during route transitions, add `data-scroll-behavior="smooth"` to your <html> element. Learn more: https://nextjs.org/docs/messages/missing-data-scroll-behavior
[browser] A tree hydrated but some attributes of the server rendered HTML didn't match the client properties. This won't be patched up. This can happen if a SSR-ed Client Component used:

- A server/client branch `if (typeof window !== 'undefined')`.
- Variable input such as `Date.now()` or `Math.random()` which changes each time it's called.
- Date formatting in a user's locale which doesn't match the server.
- External changing data without sending a snapshot of it along with the HTML.
- Invalid HTML tag nesting.

It can also happen if the client has a browser extension installed which messes with the HTML before React loaded.

https://react.dev/link/hydration-mismatch

  ...
    <RootLayout>
      <html lang="ar" dir="rtl" className="cairo_25e2...">
        ...
          <LoadingScreen onComplete={function onComplete}>
            <AnimatePresence>
              <PresenceChild isPresent={true} initial={undefined} custom={undefined} presenceAffectsLayout={true} ...>
                <PopChild pop={false} isPresent={true} anchorX="left" anchorY="top" root={undefined}>
                  <PopChildMeasure isPresent={true} childRef={{current:null}} sizeRef={{...}} pop={false}>
                    <motion.div initial={{opacity:1}} exit={{opacity:0, ...}} transition={{duration:0.5, ...}} ...>
                      <div className="fixed inse..." style={{opacity:1}} ref={function useMotionRef.useCallback}>
                        <div>
                        <motion.div>
                        <motion.h1>
                        <div>
                        <motion.div className="absolute h..." initial={{...}} animate={{y:[...], ...}} transition={{...}}>
                          <div
                            className="absolute h-1 w-1 rounded-full bg-fuchsia-400/40"
                            style={{
+                             opacity: 0
-                             opacity: "0"
+                             transform: "translateX(152.1608851450152px) translateY(113.22108480429335px)"
-                             transform: "translateX(-142.569px) translateY(-114.002px)"
                            }}
                            ref={function useMotionRef.useCallback}
                          >
                        <motion.div className="absolute h..." initial={{...}} animate={{y:[...], ...}} transition={{...}}>
                          <div
                            className="absolute h-1 w-1 rounded-full bg-fuchsia-400/40"
                            style={{
+                             opacity: 0
-                             opacity: "0"
+                             transform: "translateX(170.4892303492088px) translateY(6.631558921320618px)"
-                             transform: "translateX(165.091px) translateY(-74.1638px)"
                            }}
                            ref={function useMotionRef.useCallback}
                          >
                        <motion.div className="absolute h..." initial={{...}} animate={{y:[...], ...}} transition={{...}}>
                          <div
                            className="absolute h-1 w-1 rounded-full bg-fuchsia-400/40"
                            style={{
+                             opacity: 0
-                             opacity: "0"
+                             transform: "translateX(-99.82278984109163px) translateY(-151.53300139439762px)"
-                             transform: "translateX(115.02px) translateY(175.544px)"
                            }}
                            ref={function useMotionRef.useCallback}
                          >
                        <motion.div className="absolute h..." initial={{...}} animate={{y:[...], ...}} transition={{...}}>
                          <div
                            className="absolute h-1 w-1 rounded-full bg-fuchsia-400/40"
                            style={{
+                             opacity: 0
-                             opacity: "0"
+                             transform: "translateX(-144.01329505177202px) translateY(191.3223605878281px)"
-                             transform: "translateX(-38.4868px) translateY(187.486px)"
                            }}
                            ref={function useMotionRef.useCallback}
                          >
                        <motion.div className="absolute h..." initial={{...}} animate={{y:[...], ...}} transition={{...}}>
                          <div
                            className="absolute h-1 w-1 rounded-full bg-fuchsia-400/40"
                            style={{
+                             opacity: 0
-                             opacity: "0"
+                             transform: "translateX(-179.2040304037805px) translateY(-53.14920478942469px)"
-                             transform: "translateX(75.0622px) translateY(12.4101px)"
                            }}
                            ref={function useMotionRef.useCallback}
                          >
                        <motion.div className="absolute h..." initial={{...}} animate={{y:[...], ...}} transition={{...}}>
                          <div
                            className="absolute h-1 w-1 rounded-full bg-fuchsia-400/40"
                            style={{
+                             opacity: 0
-                             opacity: "0"
+                             transform: "translateX(35.639068970138965px) translateY(104.72884931356276px)"
-                             transform: "translateX(111.954px) translateY(104.402px)"
                            }}
                            ref={function useMotionRef.useCallback}
                          >
 
[browser] THREE.Clock: This module has been deprecated. Please use THREE.Timer instead.
[browser] THREE.WebGLShadowMap: PCFSoftShadowMap has been deprecated. Using PCFShadowMap instead.
[browser] THREE.WebGLShadowMap: PCFSoftShadowMap has been deprecated. Using PCFShadowMap instead.
[browser] THREE.WebGLShadowMap: PCFSoftShadowMap has been deprecated. Using PCFShadowMap instead.
[browser] THREE.WebGLShadowMap: PCFSoftShadowMap has been deprecated. Using PCFShadowMap instead.
[browser] THREE.WebGLShadowMap: PCFSoftShadowMap has been deprecated. Using PCFShadowMap instead.
[browser] THREE.WebGLShadowMap: PCFSoftShadowMap has been deprecated. Using PCFShadowMap instead.
[browser] THREE.WebGLShadowMap: PCFSoftShadowMap has been deprecated. Using PCFShadowMap instead.
[browser] THREE.WebGLShadowMap: PCFSoftShadowMap has been deprecated. Using PCFShadowMap instead.
[browser] THREE.WebGLShadowMap: PCFSoftShadowMap has been deprecated. Using PCFShadowMap instead.
[browser] THREE.WebGLShadowMap: PCFSoftShadowMap has been deprecated. Using PCFShadowMap instead.
[browser] THREE.WebGLShadowMap: PCFSoftShadowMap has been deprecated. Using PCFShadowMap instead.
[browser] THREE.WebGLShadowMap: PCFSoftShadowMap has been deprecated. Using PCFShadowMap instead.
[browser] THREE.WebGLShadowMap: PCFSoftShadowMap has been deprecated. Using PCFShadowMap instead.
[browser] THREE.WebGLShadowMap: PCFSoftShadowMap has been deprecated. Using PCFShadowMap instead.
[browser] THREE.WebGLShadowMap: PCFSoftShadowMap has been deprecated. Using PCFShadowMap instead.
[browser] THREE.WebGLShadowMap: PCFSoftShadowMap has been deprecated. Using PCFShadowMap instead.
[browser] THREE.WebGLShadowMap: PCFSoftShadowMap has been deprecated. Using PCFShadowMap instead.
[browser] THREE.WebGLShadowMap: PCFSoftShadowMap has been deprecated. Using PCFShadowMap instead.
[browser] THREE.WebGLShadowMap: PCFSoftShadowMap has been deprecated. Using PCFShadowMap instead.
[browser] THREE.WebGLShadowMap: PCFSoftShadowMap has been deprecated. Using PCFShadowMap instead.
[browser] THREE.WebGLShadowMap: PCFSoftShadowMap has been deprecated. Using PCFShadowMap instead.
[browser] THREE.WebGLShadowMap: PCFSoftShadowMap has been deprecated. Using PCFShadowMap instead.
[browser] Detected `scroll-behavior: smooth` on the `<html>` element. To disable smooth scrolling during route transitions, add `data-scroll-behavior="smooth"` to your <html> element. Learn more: https://nextjs.org/docs/messages/missing-data-scroll-behavior
[browser] THREE.Clock: This module has been deprecated. Please use THREE.Timer instead.
[browser] THREE.WebGLShadowMap: PCFSoftShadowMap has been deprecated. Using PCFShadowMap instead.
[browser] THREE.WebGLShadowMap: PCFSoftShadowMap has been deprecated. Using PCFShadowMap instead.
[browser] THREE.WebGLShadowMap: PCFSoftShadowMap has been deprecated. Using PCFShadowMap instead.
[browser] THREE.WebGLShadowMap: PCFSoftShadowMap has been deprecated. Using PCFShadowMap instead.
[browser] THREE.WebGLShadowMap: PCFSoftShadowMap has been deprecated. Using PCFShadowMap instead.
[browser] THREE.WebGLShadowMap: PCFSoftShadowMap has been deprecated. Using PCFShadowMap instead.
[browser] THREE.WebGLShadowMap: PCFSoftShadowMap has been deprecated. Using PCFShadowMap instead.
[browser] THREE.WebGLShadowMap: PCFSoftShadowMap has been deprecated. Using PCFShadowMap instead.
[browser] THREE.Clock: This module has been deprecated. Please use THREE.Timer instead.
[browser] THREE.WebGLShadowMap: PCFSoftShadowMap has been deprecated. Using PCFShadowMap instead.
[browser] THREE.WebGLShadowMap: PCFSoftShadowMap has been deprecated. Using PCFShadowMap instead.
[browser] THREE.WebGLShadowMap: PCFSoftShadowMap has been deprecated. Using PCFShadowMap instead.
[browser] THREE.WebGLShadowMap: PCFSoftShadowMap has been deprecated. Using PCFShadowMap instead.
[browser] THREE.WebGLShadowMap: PCFSoftShadowMap has been deprecated. Using PCFShadowMap instead.
[browser] THREE.WebGLShadowMap: PCFSoftShadowMap has been deprecated. Using PCFShadowMap instead.
[browser] THREE.WebGLShadowMap: PCFSoftShadowMap has been deprecated. Using PCFShadowMap instead.
[browser] THREE.WebGLShadowMap: PCFSoftShadowMap has been deprecated. Using PCFShadowMap instead.
[browser] THREE.WebGLShadowMap: PCFSoftShadowMap has been deprecated. Using PCFShadowMap instead.
[browser] THREE.WebGLShadowMap: PCFSoftShadowMap has been deprecated. Using PCFShadowMap instead.
[browser] THREE.WebGLShadowMap: PCFSoftShadowMap has been deprecated. Using PCFShadowMap instead.
[browser] THREE.WebGLShadowMap: PCFSoftShadowMap has been deprecated. Using PCFShadowMap instead.
[browser] THREE.WebGLShadowMap: PCFSoftShadowMap has been deprecated. Using PCFShadowMap instead.
[browser] THREE.WebGLShadowMap: PCFSoftShadowMap has been deprecated. Using PCFShadowMap instead.
[browser] THREE.WebGLShadowMap: PCFSoftShadowMap has been deprecated. Using PCFShadowMap instead.
[browser] THREE.WebGLShadowMap: PCFSoftShadowMap has been deprecated. Using PCFShadowMap instead.
